#,business_name,current_website,maps_candidate,candidate_site,recommendation,why
1,17 Real Estate Brokers,http://www.gravityrealestate.com/,17 Real Estate Brokers,,DELETE,verified business but Google has NO website; current is unrelated
2,& son,http://www.acehardware.com/store-details/06198?utm_source=google&utm_medium=local&utm_campaign=localmaps&utm_content=06198,Sun & Sons,http://www.sunandsons.co/,DELETE,maps top result is a different business ('Sun & Sons'); current site unverifiable
3,19th Hole Sports Bar & Grill,http://www.sfwio.com/,19th Hole Bar & Grill,,DELETE,maps top result is a different business ('19th Hole Bar & Grill'); current site unverifiable
4,305 Senior,http://www.palacecoralgables.com/,The Palace at Coral Gables,http://www.palacecoralgables.com/,DELETE,maps top result is a different business ('The Palace at Coral Gables'); current site unverifiable
5,450Gradi Miami Italian Restaurant,http://enzos-miami.com/,450Gradi Miami,https://450gradimiami.com/,DELETE,maps top result is a different business ('450Gradi Miami'); current site unverifiable
6,AJP Ventures Corp.,https://websites.vertilinc.com/ajpcam,AJP Management,,DELETE,maps top result is a different business ('AJP Management'); current site unverifiable
7,Aleida Martinez Family Day Care Center,http://www.schneidereyecenter.com/,Unique Adult Day Care Center Inc,,DELETE,maps top result is a different business ('Unique Adult Day Care Center'); current site unverifiable
8,Allied North America Insurance Brokerage Of FL LLC,https://nsigroup.org/contact/coral-gables-fl-insurance/,Elite Underwriters inc,https://www.eliteunderwriters.com/,DELETE,maps top result is a different business ('Elite Underwriters inc'); current site unverifiable
9,American Airlines,https://aa.com,901 Ponce de Leon Blvd,,DELETE,maps top result is a different business ('901 Ponce de Leon Blvd'); current site unverifiable
10,Animal Clinic 8 & 43,https://vcahospitals.com/south-dade?utm_source=maps&utm_medium=organic&utm_campaign=AU_1058,VCA South Dade Animal Hospital,https://vcahospitals.com/south-dade?utm_source=maps&utm_medium=organic&utm_campaign=AU_1058,DELETE,maps top result is a different business ('VCA South Dade Animal Hospit'); current site unverifiable
11,Anthem Advisors,http://www.cflgcpa.com/,8950 SW 74th Ct Ste 1210,,DELETE,maps top result is a different business ('8950 SW 74th Ct Ste 1210'); current site unverifiable
12,Arthur J. Gallagher,https://ajg.com,"Gallagher Insurance, Risk Management & Consulting",https://locations.ajg.com/us/fl/miami/9155-south-dadeland-boulevard?utm_source=google&utm_medium=Google_My_Business&utm_campaign=GMB_website_click_9155+South+Dadeland+Boulevard+Miami&y_source=1_MzE5NjgxMjctNzE1LWxvY2F0aW9uLndlYnNpdGU%3D,DELETE,"maps top result is a different business ('Gallagher Insurance, Risk Ma'); current site unverifiable"
13,Attractions,https://fairchildgarden.org,Coral Gables Museum,http://coralgablesmuseum.org/,DELETE,maps top result is a different business ('Coral Gables Museum'); current site unverifiable
14,Audio Visual Company,https://showtechinc.com,Audio Visual Services,http://www.audiovisualsvc.com/,DELETE,maps top result is a different business ('Audio Visual Services'); current site unverifiable
15,Audrey Ross Team  Compass Florida,https://miamirealestate.com,The Audrey Ross Team,https://www.miamirealestate.com/,DELETE,maps top result is a different business ('The Audrey Ross Team'); current site unverifiable
16,Aurora Medina Family Day Care Home,https://ornatehome.com/?utm_source=google&utm_medium=GBP&utm_campaign=charlottelocal,Day Care Center,,DELETE,maps top result is a different business ('Day Care Center'); current site unverifiable
17,BG Integrative Studio,https://bgmedtattoo.com,BG INTEGRATIVE,,DELETE,maps top result is a different business ('BG INTEGRATIVE'); current site unverifiable
18,BMS Insurance Agency of Florida LLC,https://agroupservices.com/?utm_source=google&utm_medium=local&utm_campaign=google-local-72420,Alhambra Insurance,http://www.alhambrains.com/,DELETE,maps top result is a different business ('Alhambra Insurance'); current site unverifiable
19,BankMiami,https://pichinchamiami.com/,Banco Del Pichincha-Miami Agency,https://pichinchamiami.com/,DELETE,maps top result is a different business ('Banco Del Pichincha-Miami Ag'); current site unverifiable
20,Better Business Bureau Serving SE Florida & the Caribbean,https://bbb.org,"BBB, SE Florida & the Caribbean",https://www.bbb.org/sefl,DELETE,"maps top result is a different business ('BBB, SE Florida & the Caribb'); current site unverifiable"
21,Blue Columbia Holdings,https://lexreception.com,VUMI Group,https://www.vumigroup.com/,DELETE,maps top result is a different business ('VUMI Group'); current site unverifiable
22,Boo Zamek,https://compass.com/agents/provincezamek,Berkshire Hathaway HomeServices EWM Realty,http://www.ewm.com/,DELETE,maps top result is a different business ('Berkshire Hathaway HomeServi'); current site unverifiable
23,Borbolla Insurance Agencies Inc,https://agents.allstate.com/borbolla-insurance-agencies-inc-coral-gables-fl.html?utm_source=GMB&utm_medium=Website,Borbolla Insurance Agencies Inc: Allstate Insurance,https://agents.allstate.com/borbolla-insurance-agencies-inc-coral-gables-fl.html?utm_source=GMB&utm_medium=Website,DELETE,maps top result is a different business ('Borbolla Insurance Agencies '); current site unverifiable
24,Bowden Wealth Management Group at Bank of America / Merrill Lynch,https://advisor.ml.com/sites/fl/miamibrickell/bowdenassociates,Coral Gables,http://www.citybeautiful.net/,DELETE,maps top result is a different business ('Coral Gables'); current site unverifiable
25,BrownForman Beverages,https://bf.com,Coral Gables,http://www.citybeautiful.net/,DELETE,maps top result is a different business ('Coral Gables'); current site unverifiable
26,Bust of Jose Marti,https://baptisthealth.net/doctors/Alejandro-Jose-Centurion/870218?utm_source=yext&utm_medium=google&utm_campaign=listing&y_source=1_MTczMDE4NTgtNzE1LWxvY2F0aW9uLndlYnNpdGU%3D,Freedom Plaza and José Martí Monument,,DELETE,maps top result is a different business ('Freedom Plaza and José Martí'); current site unverifiable
27,Camner Center for Resources,http://www.miami.edu/,Toppel Career Center,http://hireacane.miami.edu/,DELETE,maps top result is a different business ('Toppel Career Center'); current site unverifiable
28,Catering,https://theboardmiami.com,Whisk Gourmet Food & Catering,http://www.whiskgourmet.com/,DELETE,maps top result is a different business ('Whisk Gourmet Food & Caterin'); current site unverifiable
29,Consulate of Hungary,https://washington.mfa.gov.hu/page/consulates,Vice- Consulate of Hungary / Magyarország Alkonzulátusa,https://newyork.mfa.gov.hu/page/magyarorszag-miami-alkonzulatusa,DELETE,maps top result is a different business ('Vice- Consulate of Hungary /'); current site unverifiable
30,Coral Gables Lodge No. 260,https://coralgablesmason.org/,Coral Gables Masonic Lodge No.260 F&AM,https://coralgablesmason.org/,DELETE,maps top result is a different business ('Coral Gables Masonic Lodge N'); current site unverifiable
31,Coral Gables Professional Firefighters Assn.,https://local1210.com,Coral Gables Fire Department,https://www.coralgables.com/department/fire,DELETE,maps top result is a different business ('Coral Gables Fire Department'); current site unverifiable
32,DMG Corporation,https://giovannymadridfr.com,dmg Martinez Group,https://dmg-mg.com/,DELETE,maps top result is a different business ('dmg Martinez Group'); current site unverifiable
33,Dean of Students Office,https://doso.students.wisc.edu/,University of Miami Student Center Complex,http://www.miami.edu/SCC,DELETE,maps top result is a different business ('University of Miami Student '); current site unverifiable
34,Digital Radiology Inc.,https://lifeimagingfla.com/contact/?utm_source=gmb_auth,Life Imaging Miami,https://lifeimagingfla.com/contact/?utm_source=gmb_auth,DELETE,maps top result is a different business ('Life Imaging Miami'); current site unverifiable
35,Erica Simons,https://www.drsimonplasticsurgery.com/,Dr. Sean Simon MD,https://www.drsimonplasticsurgery.com/,DELETE,maps top result is a different business ('Dr. Sean Simon MD'); current site unverifiable
36,Erin Anding,https://erinhuyler.ewm.com/,Erin Huyler - Miami Real Estate,https://erinhuyler.ewm.com/,DELETE,maps top result is a different business ('Erin Huyler - Miami Real Est'); current site unverifiable
37,Esthetique Spa,http://www.skintiquemiami.com/,City Esthetic,http://www.cityesthetic.com/,DELETE,maps top result is a different business ('City Esthetic'); current site unverifiable
38,"Fantasy, 1958",http://www.citybeautiful.net/,"Miami, FL 33146",,DELETE,"maps top result is a different business ('Miami, FL 33146'); current site unverifiable"
39,Florida International University,https://fiu.edu,11200 SW 8th St,,DELETE,maps top result is a different business ('11200 SW 8th St'); current site unverifiable
40,Flowers & Services,http://www.bfleur.com/,Trias Flowers & Gifts,https://www.triasflowers.com/?utm_source=google&utm_medium=organic&utm_campaign=gmb,DELETE,maps top result is a different business ('Trias Flowers & Gifts'); current site unverifiable
41,"Fohhn Audio Americas, LLC",https://fohnn.com,2960 Ponce de Leon Blvd,,DELETE,maps top result is a different business ('2960 Ponce de Leon Blvd'); current site unverifiable
42,Fontana Ristorante,https://biltmorehotel.com/coralgablesdining/fontana,Fontana Italian Biltmore Hotel Miami,https://biltmorehotel.com/coral-gables-dining/fontana/?utm_source=google&utm_medium=organic&utm_campaign=gmb-listing,DELETE,maps top result is a different business ('Fontana Italian Biltmore Hot'); current site unverifiable
43,Frank Rolfes,http://www.rascoklock.com/,Rasco Klock,http://www.rascoklock.com/,DELETE,maps top result is a different business ('Rasco Klock'); current site unverifiable
44,Garbage Collection,https://wm.com,Dade County Solid Waste Transfer,http://www.miamidade.gov/solidwaste/trash-recycling.asp,DELETE,maps top result is a different business ('Dade County Solid Waste Tran'); current site unverifiable
45,Genuine Pizza,https://www.pummarola.us/,Verace Artisan Pizzeria,http://www.veraceartisan.com/,DELETE,maps top result is a different business ('Verace Artisan Pizzeria'); current site unverifiable
46,Gerson & Schwartz P.A,https://www.injuryattorneyfla.com,Gerson and Schwartz Accident & Injury Lawyers,https://www.injuryattorneyfla.com/,DELETE,maps top result is a different business ('Gerson and Schwartz Accident'); current site unverifiable
47,Gift Shop,https://mystichealing.com,Coco Bella Gift & Home,,DELETE,maps top result is a different business ('Coco Bella Gift & Home'); current site unverifiable
48,"Goldman Sachs 10,000 Small Businesses at Miami Dade College",https://mdc.edu/10ksb,Goldman Sachs & Co,https://www.goldmansachs.com/our-firm/locations.html,DELETE,maps top result is a different business ('Goldman Sachs & Co'); current site unverifiable
49,Graduate School,https://www.grad.miami.edu/,1551 Brescia,,DELETE,maps top result is a different business ('1551 Brescia'); current site unverifiable
50,Gustave,https://www.babettemiami.com/,"Miami, FL 33134",,DELETE,"maps top result is a different business ('Miami, FL 33134'); current site unverifiable"
51,HART,https://lanedds.com/our-doctors/dr-tyler-hart/,Sanchez & Hart Inc,,DELETE,maps top result is a different business ('Sanchez & Hart Inc'); current site unverifiable
52,"HGIT Coral Gables, LLC",https://gablesstation.com,Gables Global Investments LLC,https://gablesglobal.com/,DELETE,maps top result is a different business ('Gables Global Investments LL'); current site unverifiable
53,Hank Langston,http://www.citybeautiful.net/,Coral Gables,http://www.citybeautiful.net/,DELETE,maps top result is a different business ('Coral Gables'); current site unverifiable
54,Historical Sites,https://coralgables.com,Alhambra Water Tower,,DELETE,maps top result is a different business ('Alhambra Water Tower'); current site unverifiable
55,ICR Advisors,https://miamiliferealestate.net,ICR Capital LLC,https://icrcapital.com/,DELETE,maps top result is a different business ('ICR Capital LLC'); current site unverifiable
56,Interface Consulting and Psychological Services,https://icpstherapy.com,Miami Counseling & Resource Center,https://miamicounseling.com/,DELETE,maps top result is a different business ('Miami Counseling & Resource '); current site unverifiable
57,Ivette ODoski Consulting,https://velizlaw.com/?utm_source=GBP&utm_medium=GBP&utm_campaign=GBP_Coral%20Gables&utm_id=GBP_Coral%20Gables,"Veliz & Associates P.A., an Estate & Legacy Planning Firm",https://velizlaw.com/?utm_source=GBP&utm_medium=GBP&utm_campaign=GBP_Coral%20Gables&utm_id=GBP_Coral%20Gables,DELETE,"maps top result is a different business ('Veliz & Associates P.A., an '); current site unverifiable"
58,"J. Muir & Associates, P.A.",https://miamibusiness.law,J Muir & Associates - Miami Business Law Firm,https://jmuirandassociates.com/?utm_source=GMB&utm_medium=Organic&utm_campaign=Coral+Gables,DELETE,maps top result is a different business ('J Muir & Associates - Miami '); current site unverifiable
59,Jackson Health System,https://jhsmiami.org,UHealth Jackson Urgent Care | Coral Gables,https://jacksonurgentcare.com/location/coral-gables/,DELETE,maps top result is a different business ('UHealth Jackson Urgent Care '); current site unverifiable
60,Jeweler's Gold and Gifts,https://amauryjewelry.com/,Mega Gold Jewelry,http://pawnmiami.com/,DELETE,maps top result is a different business ('Mega Gold Jewelry'); current site unverifiable
61,Joan Reitsma,https://gablesfoundation.org/,Coral Gables Community Foundation,https://gablesfoundation.org/,DELETE,maps top result is a different business ('Coral Gables Community Found'); current site unverifiable
62,Jorge Enterprises GC - Construction,https://je-gc.com/,GCA Inc,http://www.gcamiami.com/,DELETE,maps top result is a different business ('GCA Inc'); current site unverifiable
63,"LAG REALTY INTERNATIONAL, S. A.",https://laglex.com,The Lani Group at Lowell International Realty,https://thelanigroup.com/,DELETE,maps top result is a different business ('The Lani Group at Lowell Int'); current site unverifiable
64,Large Metal B,http://hqdtechusa.com/,Lucky's Vape & Smoke #2,https://luckyvapestore.com/,DELETE,maps top result is a different business ('Lucky's Vape & Smoke #2'); current site unverifiable
65,Le Parc Cafe,https://www.coralgablescountryclub.com/leparc-caf%C3%A9,"Le Parc-Bonjour, Café Bistro",https://leparccafe.com/,DELETE,"maps top result is a different business ('Le Parc-Bonjour, Café Bistro'); current site unverifiable"
66,Made In Miami,https://drmiamimd.com,Mamey Miami,http://mameymiami.com/,DELETE,maps top result is a different business ('Mamey Miami'); current site unverifiable
67,Montes de Oca,http://www.primecare1.com/,"Jenny C. Montes De Oca Pineda, MD - PrimeCare of Coral Gables",http://www.primecare1.com/,DELETE,maps top result is a different business ('Jenny C. Montes De Oca Pined'); current site unverifiable
68,OYO Hotel Coral Gables - Miami Airport,https://www.oyorooms.com/us/103476/?utm_source=GMB&utm_medium=Organic&utm_campaign=US_MAI004,Gables Cove Hotel,,DELETE,maps top result is a different business ('Gables Cove Hotel'); current site unverifiable
69,Office of the Supervisor of Elections,http://www.miamidade.gov/elections/,Miami-Dade County Supervisor of Elections Office,https://www.votemiamidade.gov/elections/home.page,DELETE,maps top result is a different business ('Miami-Dade County Supervisor'); current site unverifiable
70,Orion Mart,https://hannatiger.com/,Verizon,https://www.verizon.com/stores/details/florida/coral-gables/coral-gables-201100/?CMP=seo_b_x_vz_gbp_ot_2022_08_website,DELETE,maps top result is a different business ('Verizon'); current site unverifiable
71,PROMEXICO / Mexico's Trade & Investment Comm.Miami,https://gob.mx,Consulate General of Guatemala,https://consuladodeguatemalaenusa.com/miami/,DELETE,maps top result is a different business ('Consulate General of Guatema'); current site unverifiable
72,Palme d'Or,https://www.biltmorehotel.com/dining/palme_dor/?utm_source=local&utm_medium=organic&utm_campaign=gmb,Palme d'Or Restaurant Biltmore Hotel Coral Gables,https://www.biltmorehotel.com/dining/palme_dor/?utm_source=local&utm_medium=organic&utm_campaign=gmb,DELETE,maps top result is a different business ('Palme d'Or Restaurant Biltmo'); current site unverifiable
73,Pan American Institute,https://www.panamacademy.com/,Biscayne National Park Institute at Coconut Grove,https://www.biscaynenationalparkinstitute.org/,DELETE,maps top result is a different business ('Biscayne National Park Insti'); current site unverifiable
74,Pangaea Exploration,https://www.panexplore.com/,Panexplore,https://www.panexplore.com/,DELETE,maps top result is a different business ('Panexplore'); current site unverifiable
75,"Pena Garcia & Diz, PLLC",https://pgdlegal.com,"Pena Law Office, P.A",https://www.penalawoffice.com/,DELETE,"maps top result is a different business ('Pena Law Office, P.A'); current site unverifiable"
76,PerformanceREWIRED,https://jeskabrodbeck.com,Platinum Business Center,http://www.platinumbusinesscenter.com/,DELETE,maps top result is a different business ('Platinum Business Center'); current site unverifiable
77,Phillip Morris International,https://pmi.com,Coral Gables,http://www.citybeautiful.net/,DELETE,maps top result is a different business ('Coral Gables'); current site unverifiable
78,"Powering Elite Performers, LLC",https://us.shaklee.com/en_US/kensmith,Elite U Sports Performance,https://eliteuperformance.com/,DELETE,maps top result is a different business ('Elite U Sports Performance'); current site unverifiable
79,Primary Care,https://onemedical.com/locations/mia/coconut-grove?y_source=1_MTA1Mzk0OTQzOC03MTUtbG9jYXRpb24ud2Vic2l0ZQ%3D%3D,One Medical Primary Care Clinic - Coconut Grove,https://onemedical.com/locations/mia/coconut-grove?y_source=1_MTA1Mzk0OTQzOC03MTUtbG9jYXRpb24ud2Vic2l0ZQ%3D%3D,DELETE,maps top result is a different business ('One Medical Primary Care Cli'); current site unverifiable
80,Recycling,https://wm.com,Environmental Services Recycling,,DELETE,maps top result is a different business ('Environmental Services Recyc'); current site unverifiable
81,Resident Member,https://www.lifetime.life/locations/fl/coral-gables.html?utm_source=google&utm_medium=local&utm_campaign=google-local-club,Life Time Work,https://work.lifetime.life/locations/fl-coral-gables.html?utm_source=google&utm_medium=local&utm_campaign=google-local-club,DELETE,maps top result is a different business ('Life Time Work'); current site unverifiable
82,Richards Legal Group,https://richpa.net,"Richard L. Richards, Aviation Attorney",https://www.richpa.net/,DELETE,"maps top result is a different business ('Richard L. Richards, Aviatio'); current site unverifiable"
83,Russell Capital Group,https://rcgmortgage.com,Russell Capital Management,http://www.russcap.com/,DELETE,maps top result is a different business ('Russell Capital Management'); current site unverifiable
84,S. Pellegrino & Acqua Panna,https://www.camilaspatisserie.com/,Camila's Patisserie,https://www.camilaspatisserie.com/,DELETE,maps top result is a different business ('Camila's Patisserie'); current site unverifiable
85,School of Education and Human Development,https://www.edu.miami.edu/,University of Miami School of Education,https://www.edu.miami.edu/,DELETE,maps top result is a different business ('University of Miami School o'); current site unverifiable
86,Semillitas,http://www.citybeautiful.net/,Semillitas de vida Preschool,https://semillitasdevidapreschool.com/,DELETE,maps top result is a different business ('Semillitas de vida Preschool'); current site unverifiable
87,Senior Living,https://belmontvillage.com,The Palace at Coral Gables,http://www.palacecoralgables.com/,DELETE,maps top result is a different business ('The Palace at Coral Gables'); current site unverifiable
88,State Farm,https://www.kitsiagaines.com/,Mario Obregon - State Farm Insurance Agent,https://www.marioobregon.com/?cmpid=CTH4_blm_0001,DELETE,maps top result is a different business ('Mario Obregon - State Farm I'); current site unverifiable
89,Studio HD,https://hollyedavidson.com,Studio Chroma by Andrea Fanan,http://studiochromabyaf.com/,DELETE,maps top result is a different business ('Studio Chroma by Andrea Fana'); current site unverifiable
90,Tax Collectors Office Miami Dade County,https://mdctaxcollector.gov,Tax Collector Office Dariel Fernandez,https://mdctaxcollector.gov/,DELETE,maps top result is a different business ('Tax Collector Office Dariel '); current site unverifiable
91,Tete- -Tete,https://www.babettemiami.com/,La Jolla Ballroom,http://www.lajollaballroom.com/,DELETE,maps top result is a different business ('La Jolla Ballroom'); current site unverifiable
92,Tetrahelix and Son,https://www.crateandbarrel.com/stores/coral-gables/str814?utm_source=gmb&utm_medium=organic_search,Shops at Merrick Park,https://www.shopsatmerrickpark.com/en.html,DELETE,maps top result is a different business ('Shops at Merrick Park'); current site unverifiable
93,The Great Miami LGBTQ Chamber of Commerce,https://gogaymiami.com,Coral Gables Chamber of Commerce,https://www.coralgableschamber.org/,DELETE,maps top result is a different business ('Coral Gables Chamber of Comm'); current site unverifiable
94,The Marks Development Company,http://eigfl.com/,The Estate Companies,http://eigfl.com/,DELETE,maps top result is a different business ('The Estate Companies'); current site unverifiable
95,Thomas F. Daly Loggia,http://www.miami.edu/,"Miami, FL 33124",,DELETE,"maps top result is a different business ('Miami, FL 33124'); current site unverifiable"
96,UGas,http://coral-way-u-gas.edan.io/,Coral Way U-Gas,http://coral-way-u-gas.edan.io/,DELETE,maps top result is a different business ('Coral Way U-Gas'); current site unverifiable
97,University Center Information Desk,http://www.miami.edu/,University of Miami Student Center Complex,http://www.miami.edu/SCC,DELETE,maps top result is a different business ('University of Miami Student '); current site unverifiable
98,Vicki Lopez State Representative  HD 113,http://www.citybeautiful.net/,"Miami, FL 33134",,DELETE,"maps top result is a different business ('Miami, FL 33134'); current site unverifiable"
99,Wahlstrom Insurance Associates,https://wahlstrominsuranceassociates.godaddysites.com/,Wahlstrom Associates Inc. DBA Wahlstrom Insurance,https://wahlstrominsuranceassociates.godaddysites.com/,DELETE,maps top result is a different business ('Wahlstrom Associates Inc. DB'); current site unverifiable
100,Waste Management,https://wm.com,Dade County Solid Waste Transfer,http://www.miamidade.gov/solidwaste/trash-recycling.asp,DELETE,maps top result is a different business ('Dade County Solid Waste Tran'); current site unverifiable
101,Woodlawn Park Cemetery,https://www.dignitymemorial.com/,Caballero Rivero Woodlawn North,https://www.dignitymemorial.com/funeral-homes/florida/miami/caballero-rivero-woodlawn-north/9544?utm_source=google_my_business&utm_medium=organic,DELETE,maps top result is a different business ('Caballero Rivero Woodlawn No'); current site unverifiable
102,Zoo Attraction,https://zoomiami.org,Jungle Island,https://www.jungleisland.com/,DELETE,maps top result is a different business ('Jungle Island'); current site unverifiable
103,Bladen Builders Supply,https://www.doitbest.com/bladen-builders-supply,Bladen Builders Supply,https://www.doitbest.com/bladen-builders-supply,LEAVE,current already matches verified listing
