business_name,old_website,new_website,match_type
1111 Media Group | Websites - Content - Social - SEO - Paid,https://www.digitaltaxgroup.com/,https://1111mediagroup.com/miami,phone
107 Taste Asian Restaurant Coral Gables,https://www.goldengablesinsuranceagency.com/,http://107taste.com/,phone
107 Taste Asian Restaurant South Miami,http://accountantsinmiami.com/,https://107taste.com/,phone
100 Montaditos Coral Gables,https://100montaditos.com,https://us.100montaditos.com/,name
24/7 Nursing Care Inc.,https://247nursingcare.com,https://www.24-7nursingcare.com/,phone
"305 Drive Inc., Limousine Service",https://305drive.com,http://www.305-drive.com/,phone
"300 Engineering Group, P.A.",https://www.merllaw.com/,http://300engineering.com/,phone
"4000 Ponce, LLC (CMC Group)",https://4000ponce.com,http://cmcgroupmiami.com/,phone
450 Gradi,https://450gradipizzerias.com,https://450gradimiami.com/,phone
54D Coral Gables,https://weinsuregroup.com/agent/coral-gables-rick-leal,https://cg.54d.com/,phone
450Gradi Miami 🇺🇸,http://mvshospital.com/,https://450gradimiami.com/,phone
1st Choice Electrician,,https://1stchoiceelectricianwa.blogspot.com/,phone
A Auto Tech Inc,https://www.yourcpaaccountant.com/,http://www.aautotech.com/,phone
ABC Optometry,,http://www.abcoptometry.com/,phone
Abadin Dental - Invisalign Veneers Implants,http://dartdentalmiami.com/,https://www.abadindental.com/,phone
AbitOs Accountants + Advisors,http://www.imtaxadvisors.com/,https://www.abitos.com/,phone
Academy for Community Education,https://4beauty.net/,http://ace.dadeschools.net/,name
"A&G - CPA Firm Coral Gables, FL",https://www.my.cpa/?utm_campaign=gmbmiami,http://www.agcpafirm.com/,phone
Advanced Physical Therapy Specialists,https://coconutgrovetherapy.com/,http://www.advancedpts.com/,phone
AECOM,,http://aecom.com/,phone
AIRLAB Fitness Coral Gables,https://www.thumpgym.com/,https://airlabfitness.com/coral-gables/,phone
Alcazar Plaza,,https://www.coralgables.com/departments/CommunityRecreation/,name
Alchemy Hair Lab,https://book.squareup.com/appointments/0rnj7mu5ywg43s/location/LZA5F47KJ39MJ/services,http://www.alchemyhairlabmiami.com/?utm_source=google&utm_medium=organic&utm_campaign=gbp_listing&utm_content=website_button,name
Aldi,https://stores.aldi.us/fl/miami/3750-s-dixie-hwy,https://info.aldi.us/stores/l/fl/miami/3750-s-dixie-hwy/fa44,phone
Alex All Electric,https://www.atmdepot.com/,https://electricianformiami.com/,phone
Alejandro Alvarez,,https://alejandroalvarezhomes.com/?utm_source=gbp&utm_medium=organic,phone
Alexander S. Tecle - Financial Advisor,https://www.artigianomiami.com/,http://ztpwm.com/,phone
Alhambra Station Cafe,https://alhambrastationcafe.com,https://www.toasttab.com/alhambrastationcafe/v3,phone
Aloft Miami Dadeland,https://aloftdadeland.com,https://www.marriott.com/en-us/hotels/miamd-aloft-miami-dadeland/overview/?scid=f2ae0541-1279-4f24-b197-a979c79310b0,name+zip
ALO,https://dannyjelaca.com/,https://www.aloyoga.com/?utm_source=extnet&utm_medium=yext,phone
Alpha Claims Consultants,https://alpha.claims,http://alphaclaimscorp.com/,phone
Aloft Coral Gables,https://aloftcoralgables.com,https://www.marriott.com/en-us/hotels/miacl-aloft-coral-gables/overview/?scid=f2ae0541-1279-4f24-b197-a979c79310b0,phone
Amaury Jewelry,http://www.seyboldjewelry.com/,https://amauryjewelry.com/,phone
American Children's Orchestras,https://locations.coinflip.tech/us/nc/garner/401-benson-road,https://www.americanchildrensorchestras.org/,phone
Alpha Foundations,,https://www.alphafoundations.com/about/meet-the-team/miami-sat/?utm_source=google&utm_medium=organic&utm_campaign=gmb_alf-mia-mia,phone
AmpUp Charging Station,,https://ampup.io/,phone
Andrea Maderal,,https://doctors.umiamihealth.org/provider/andrea-dale-maderal/525780,phone
Amerifirst Construction Corp - CGC # 1507077,http://www.acbotax.com/,https://amerifirstconstruction.com/,phone
Apex Engineering,,http://www.thestructurals.com/,name
Ardurra,,https://ardurra.com/,phone
ARTE CUCINE,https://artecucine.com,https://artecucine.net/,name
Armando Palacios Barber Studio - Coral Gables,http://www.selabeautystudio.com/,https://apbarberstudio.com/,phone
Arthur Murray Coral Gables Dance Studio,https://arthurmurray.com,https://arthur-murray.com/,phone
Artigiano Inc.,https://artigianomens.com,https://www.artigianomiami.com/,phone
Arthur Murray Dance Studio Coral Gables,,https://arthur-murray.com/,phone
Artisan Beauty Studio and Art Gallery,https://rbsbookings.as.me/,http://artisangallery.us/,phone
AS_Asthetics,,https://soto-aesthetics.com/,phone
"Arya Hotel and Suites Coconut Grove, WorldHotels Distinctive",https://animalhospitalcoconutgrove.com/,https://www.aryahotel.us/,phone
Artbag,,https://www.artbag.com/,phone
Ascension/Descension,http://ascensionhealingcenterswfl.com/,http://ascensionhealing.center/,phone
Asian Thai Kitchen,https://sw8th.asianthaikitchenonline.com,https://www.asianthaikitchen2fl.com/,name
Asian Nails and Spa,,https://www.facebook.com/asiannails33146,phone
Astor Wines & Spirits,,https://www.astorwines.com/?utm_source=google&utm_medium=organic&utm_campaign=local,phone
"Atkins Engineers, Inc.",,https://maxwellengineers.com/,phone
Atlantic Crystals Construction,,http://www.atlanticcrystalsconstruction.com/pages/contact.asp,phone
Au Advisors,https://strikeau.com,https://www.blockadvisors.com/tax-office-near-me/florida/coral-gables/8470/?otppartnerid=9308&campaignid=pw_mcm_9308_9762&utm_medium=local,name+zip
Auburndale Elementary School,https://auburndaleelem.com/,http://auburndale.dadeschools.net/,name
AutoNation Chevrolet Coral Gables Service Center,http://www.animalhealthrehab.com/,https://www.autonationchevroletcoralgables.com/Service?&utm_source=local&utm_medium=organic&utm_campaign=*000012248*GMB,phone
AutoNation Chevrolet Coral Gables,,https://www.autonationchevroletcoralgables.com/?&utm_source=local&utm_medium=organic&utm_campaign=*000012248*GMB,phone
Avetrani Financial - Northwestern Mutual,,http://www.percyavetrani.com/?utm_source=google&utm_medium=mybusiness&utm_campaign=lo3,phone
Babette,,https://www.babettemiami.com/,name
AVANTVISION OPTICAL,,http://avantvisionoptical.com/,phone
Ball & Chain,https://madroomhospitality.com,https://ballandchainmiami.com/,name
"B C Architects AIA, Inc.",,https://bcarchitects.com/,phone
Bank of America (with Drive-thru ATM),https://locations.bluefoundrybank.com/blue-foundry-bank-8a558df4fc28?utm_source=google&utm_medium=Yext,https://locators.bankofamerica.com/fl/coralgables/financial-centers-coral-gables-9739.html?utm_source=GMBlisting&utm_medium=organic,phone
B & R Electronics Supply,http://www.acehardware.com/store-details/19199?utm_source=google&utm_medium=local&utm_campaign=localmaps&utm_content=19199,https://brelectronic.com/index.htm,phone
Bachour,,https://antoniobachour.com/?utm_source=google,phone
Baptist Health Brain & Spine Care | Coral Gables (Doctors Hospital),https://www.dadelandanimalhospital.com/,https://baptisthealth.net/Neuroscience?y_source=1_MjAzMTMxOTIwMC03MTUtbG9jYXRpb24ud2Vic2l0ZQ%3D%3D,phone
Baptist Health Concierge Medicine | Coral Gables (Belmont Village),,https://baptisthealth.net/services/concierge-medicine?y_source=1_MTA2Nzc3OTI3Ni03MTUtbG9jYXRpb24ud2Vic2l0ZQ%3D%3D,phone
Baptist Health Doctors Hospital ER | Coral Gables,,https://baptisthealth.net/locations/emergency-care/doctors-hospital-emergency-room?utm_source=yext&utm_medium=google&utm_campaign=listing&y_source=1_MTI5MTY5OTQtNzE1LWxvY2F0aW9uLndlYnNpdGU%3D,phone
Baptist Health Surgery Center | Coral Gables,,https://baptisthealth.net/locations/surgery-centers/baptist-health-orthopedic-care-coral-gables-4th-floor?y_source=1_MjI2Mjg2MjAtNzE1LWxvY2F0aW9uLndlYnNpdGU%3D,phone
Baptist Health Surgery | Coral Gables (Doctors Hospital),,https://baptisthealth.net/locations/hospitals/doctors-hospital?utm_source=yext&utm_medium=google&utm_campaign=listing&y_source=1_MTIwNTAyMzUtNzE1LWxvY2F0aW9uLndlYnNpdGU%3D,name
Baptist Health Urgent Care | Coral Gables,,https://baptisthealth.net/locations/urgent-care/coral-gables-urgent-care?utm_source=yext&utm_medium=google&utm_campaign=listing&y_source=1_MTIwNTAzNjAtNzE1LWxvY2F0aW9uLndlYnNpdGU%3D,phone
Baptist Health Physical Therapy & Rehabilitation | Coral Gables,,https://baptisthealth.net/locations/physical-rehabilitation-centers/baptist-health-physical-therapy-and-rehabilitation---coral-gables?utm_source=yext&utm_medium=google&utm_campaign=listing&y_source=1_MTIwNTAzMTAtNzE1LWxvY2F0aW9uLndlYnNpdGU%3D,phone
Baptist Rehabilitation Hospital,https://baptisthealth.net/locations/physical-rehabilitation-centers/baptist-health-physical-therapy-and-rehabilitation---coral-gables?utm_source=yext&utm_medium=google&utm_campaign=listing&y_source=1_MTIwNTAzMTAtNzE1LWxvY2F0aW9uLndlYnNpdGU%3D,https://www.baptisthealthrehabhospital.com/,name
Barber Studio M.I,https://www.transformativemindset.com/,http://mibarberstudio.com/,phone
Barby Nails Spa,,https://barby-nails-spa-llc.square.site/,phone
Banyan Day School,,http://banyandayschool.org/,name
Bay 13 Brewery And Kitchen,,https://www.bay13brewery.com/,phone
"Be Well & Rise / Judi Pasos Landau, LMHC",,https://www.bewellandrise.co/,phone
Beauchamp Construction Co Inc,http://www.acehardware.com/store-details/02479?utm_source=google&utm_medium=local&utm_campaign=localmaps&utm_content=02479,http://www.beauchampco.com/,phone
"Beatriz Navarro Goudie, Antilles Realty",,https://makecoralgableshome.com/,phone
"Becker, Coral Gables, FL",,http://beckerlawyers.com/?utm_source=GMBlisting&utm_medium=organic,phone
Beauty Atelier,,https://beautyatelier40.booksy.com/a/,phone
"Behar Font & Partners, P.A. - Robert Behar & Javier Font",,http://www.beharfont.com/,phone
Basilico Ristorante Coral Gables,,https://basilicomiami.com/,phone
Bayshore Wealth Advisors,,http://www.bayshorewealth.com/,phone
"Benjamin Laurel Reed, MD",http://www.miamiwomensobgyn.com/,https://baptisthealth.net/doctors/Benjamin-Laurel-Reed/3198650?utm_source=yext&utm_medium=google&utm_campaign=listing&y_source=1_MTA4MjU5ODA4OS03MTUtbG9jYXRpb24ud2Vic2l0ZQ%3D%3D,phone
Bermont Gold Wealth Advisory of Raymond James,,http://www.bermontadvisorygroup.com/,phone
Berkshire Hathaway HomeServices EWM Realty,https://emmag.ewm.com,http://www.ewm.com/,name
Best Western Plus Miami Intl Airport Hotel & Suites Coral Gables,http://www.babyfurnitureplus.net/,https://www.bestwestern.com/en_US/book/hotel-rooms.10384.html?iata=00171880&ssob=BLBWI0004G&cid=BLBWI0004G:google:gmb:10384,phone
Beyond Upholstery,,https://1beyondupholstery.com/,phone
Benihana,,https://www.benihana.com/locations/coral-gables/?utm_source=google&utm_medium=organic&utm_campaign=gbp,name
Bilingual Cooperative Preschool,,http://www.bilingualcoop.org/about_us4.php,name
beyome,https://www.beyome.com,https://www.beycome.com/,phone
BIX Tech,,https://www.bixtech.ai/,phone
Black & Veatch,,http://www.bv.com/,phone
Blackbird Ordinary,,https://blackbirdordinary.store/,phone
Bk Wine Depot Corp.,https://branches.bitcoindepot.com/nj/ramsey/bitcoin-atm/9000753197?utm_source=google&utm_medium=local&utm_campaign=google-local,http://www.bkwinedepot.com/,phone
Blackmore Consulting,https://blackmoreconsulting.com,http://blackmore.consulting/,phone
Blink Charging Station,,http://www.blinkcharging.com/,phone
blank design + architecture,,https://www.architectureisblank.com/,phone
Blondebarber Barbershop - Coral Gables,,http://blondebarbershop.co/,phone
Bloom Sooner,,http://www.bloomsooner.com/,phone
Blue Daisy Media | Media Buying Agency in Miami,,https://bluedaisymedia.com/,phone
Blue Sky Food by the Pound,,https://www.facebook.com/profile.php?id=100068833700757&fref=ts,name
"BND Engineers, Inc.",,http://www.bndengineers.com/,phone
Bodega Bar Coral Gables,,https://www.bodegataqueria.com/,phone
Body & Brain Yoga Tai Chi,,http://www.bodynbrain.com/Miami/,phone
Bolado Clothiers,,http://www.boladoclothiers.com/,phone
BOMA MiamiDade,https://bomamiamidade.org,http://www.bomaflorida.org/,name
Book Horizons,,http://www.bookhorizons.com/,phone
Borbolla Insurance Agencies Inc: Allstate Insurance,,https://agents.allstate.com/borbolla-insurance-agencies-inc-coral-gables-fl.html?utm_source=GMB&utm_medium=Website,phone
Bowes Dermatology is now officially Riverchase Dermatology Miami,http://thenandnowestatesales.com/,https://www.bowesdermatology.com/?utm_source=google&utm_medium=organic&utm_campaign=BD_GMB_Miami&utm_id=01,phone
Bounds Law Offices,https://bounds.law,http://www.boundslawoffices.com/,phone
Bouchon Bistro,,https://www.thomaskeller.com/coral-gables-florida/bouchon-bistro,name
BPA Accounting Services Inc,https://www.exectaxservices.com/,http://bpaaccounting.com/,phone
BRANDI'S,,https://biltmorehotel.com/coral-gables-dining/brandis/,name
Brito Marketing | Advertising Agency | Agencia de Publicidad,,http://britomarketing.com/,phone
Brijbag Bernhard DO,,http://drbrijbag.com/,phone
Brooklyn Gifts and Collectibles,,https://brooklyngiftsandcollectibles.com/,phone
Burger King,https://www.bk.com/store-locator/store/restaurant_1236?gclid=Cj0KCQjw08aYBhDlARIsAA_gb0eNvvF0pepvSGY7OETJA9Hhg5eyK0Xeo6DSWTsoz4C9k9mObrS637gaAkqeEALw_wcB,https://burgerking.com/store-locator/store/71,name
Brito Miami Private School,,https://www.britomiamipanthers.com/,name
Business Lawyer Miami - Cueto Law Group,https://www.smorganlaw.com/,https://cuetolawgroup.com/,phone
BY L’AIMÉ NEW YORK,,https://bylaime.com/,phone
Caffe Abbracci,,http://www.caffeabbracci.com/,name
Burton Hersh Architects,,http://burtonhersh.com/,phone
Callejo Law,,https://www.callejolaw.net/?utm_source=gmb&utm_medium=organic&utm_content=listing&utm_campaign=local,phone
Butter Moon Bakehouse,,https://www.buttermoonstore.com/,phone
Camilla  Shops at Merrick Park,https://camilla.com.au,https://www.camilla.com/,phone
Camila's Patisserie,,https://www.camilaspatisserie.com/,name
Campins Fine Art,,https://www.campinsfineart.com/,phone
CALIX TIRES INC,,http://calixtires.com/,phone
Candle Land Miami Coral Gables,,http://www.candlelandmiami.com/,phone
Capsexpress International,https://capsexpressinternational.com,https://ce-intl.com/,name
"Cardozo Engineering, Inc.",,http://www.cardozo-eng.com/,phone
Cardenas Pharmacy,https://www.hcafloridahealthcare.com/locations/mercy-hospital/for-patients/retail-pharmacy,https://www.mygnp.com/pharmacies/cardenas-pharmacy-miami-fl-33134/?utm_source=google&utm_medium=local&utm_campaign=localmaps&utm_content=1076365,phone
Carmania of Coral Gables,,https://www.carmaniacoralgables.com/,phone
CartyArchitecture,,http://cartyarchitecture.com/,phone
CarWash,,https://elcarwash.com/fl/car-wash-in-coral-gables/,name+zip
Casa Valencia,,http://www.casavalenciagables.com/,phone
Casa Vinyasa Miami,,http://casavinyasamiami.com/,phone
Carrollton School of the Sacred Heart,http://lhboxing.com/,http://www.carrollton.org/,name
Castillo de Oro Jewelry,https://www.savagejewelrylab.com/,http://www.castillodeorojewelers.com/,phone
Casa Maria,,http://www.casamariaonline.com/,phone
CB2,,https://www.cb2.com/stores/south-beach/str56?utm_source=gmb&utm_medium=organic_search,name
Cava,https://cavamia.com/,https://www.cavamiami.com/,phone
Casa Neos,https://casaneos.com,https://www.casa-neos.com/,name
Cebada Rooftop,,http://cebadarooftop.com/,name
Cba,,https://www.cbamiamius.com/,name
Center for Social Change,,http://www.4socialchange.org/,phone
Carollo Engineers,,https://carollo.com/locations/miami-dade/?utm_source=google&utm_medium=organic&utm_campaign=gbp-listing&utm_content=miami,phone
Central Christian Church (CCC Gables),,https://www.cccgables.org/,phone
Century Homebuilders Group,,https://www.centuryhomebuilders.com/?utm_source=google&utm_medium=organic&utm_campaign=gmb-listing,phone
Central Perk Wine and Spirits,,http://centralperkwinenyc.com/,phone
Cepero Eyecare Center,,http://miamieyeexam.com/,phone
"Chapel of the Venerable Bede, Episcopal Church Center at University of Miami",,http://www.umchapel.org/,phone
Charles Schwab,,https://www.schwab.com/branches/coral-gables?branch_id=1029&utm_source=google&utm_medium=local&utm_campaign=localmaps&utm_content=1029,phone
Central Christian Church - Food Distribution Center,,http://www.cccgables.org/,phone
Chemistry Cultura,,https://chemistrycultura.com/?utm_source=google&utm_medium=organic&utm_campaign=gbp-listing&utm_content=cultura-fl,phone
Chef Sucre Café,,https://sucre-cafe.com/,phone
"CFS Coffee For The Soul, Coral Gables",,https://www.cfscoffee.com/,phone
China Cabinets,,https://www.china-cabinet.com/,phone
Chop Steakhouse & Bar,,https://www.chopsteakhouse.com/,phone
Christy's,,http://www.christysrestaurant.com/,name
Church of the Little Flower,,http://cotlf.org/,phone
Chico's,,https://www.chicos.com/locations/us/fl/coral-gables/350-san-lorenzo-ave/,phone
City National Bank,,https://www.citynational.com/,phone
Citrin Cooperman,,https://www.citrincooperman.com/,name
"Ciegate Technologies 💻 Managed It Services Miami, FL",,https://ciegate.com/,phone
City of South Miami City Hall,https://www.miamigov.com/,https://www.southmiamifl.gov/,name+zip
clever alice,,http://cleveralice.com/,name
CMR Construction Group,,https://www.cmrconstructiongroup.com/,phone
Classic Vantage Spa & Wellness,,https://classicvantagespa.com/,phone
Coconut Grove Cares,,https://coconutgrovecares.org/,phone
Clementine's Wine Gourmet,,http://www.clementineswinegourmet.com/,phone
clubX fitness - Coral Gables,,http://www.clubxmiami.com/,phone
CocoWalk,https://www.cocowalk.net/,https://www.cocowalk.com/,phone
Coldwell Banker Realty,https://klockparkergroup.com,https://www.coldwellbankerhomes.com/fl/coral-gables/office/coral-gables/oid_820/?utm_source=google&utm_medium=organic&utm_campaign=gmb&utm_content=FL_Coral_Gables,name
Coldwell Banker Coral Gables,https://coldwellbanker.com,https://www.coldwellbankerhomes.com/fl/coral-gables/office/coral-gables/oid_820/?utm_source=google&utm_medium=organic&utm_campaign=gmb&utm_content=FL_Coral_Gables,phone
Community Coalition Inc,,http://www.communitycoalition.info/,phone
CompassMSP,,https://compassmsp.com/locations/miami/,phone
Compass Real Estate,https://teamcitronmiami.com,http://www.compass.com/,name
Concierge Medical Services,,https://www.housemed.co/,phone
Construction VOSS,,https://www.constructionvoss.com/,phone
Colour Parlor,,https://www.colourparlormiami.com/,phone
Consulate General of Peru,http://www.consulado.pe/es/Miami,https://www.gob.pe/consulado-del-peru-en-miami,phone
Colmar Construction Corp,,https://colmar-construction.com/,phone
CONNECT Engineering,,http://www.connecteng.us/,phone
Cool It Air Conditioning Repair,,https://coolitairconditioning.com/locations/top-rated-ac-repair-services-coral-gables-fl/,phone
COPD Foundation,,http://www.copdfoundation.org/,phone
Cool Treasures Antiques & Collectibles,,http://www.cooltreasuresantiques.com/,phone
CORA Physical Therapy Coral Gables,,https://www.coraphysicaltherapy.com/location/coral-gables-florida/?utm_source=google_business_profile&utm_medium=organic&utm_campaign=local_listings&utm_content=corahealth32,phone
Coral Gables - Alex Brown-Raymond James,,https://www.alexbrown.com/coralgables,phone
Coral Gables Baptist Church,,https://www.coralgablesbaptist.org/,phone
Coral Gables Car Accident Lawyer Group,http://caraccident.the-company-lawyer.com/coral-gables-fl,https://accidentlawgrouppa.com/,name
Coral Gables Congregational United Church of Christ,,http://www.gablesucc.org/,phone
Coral Gables Dermatology & Aesthetics,,https://coralgablesdermatology.com/,phone
Coral Gables High School,https://cghs.dade.k12.fl.us,http://www.coralgablescavaliers.org/,phone
Coral Gables Eye Care,https://coralgableseyecare.com,https://clarineyecare.com/coral-gables-eye-doctor/,phone
Coral Gables Hospital,https://www.coralgableshospital.com/,https://www.coralgableshospital.org/,name
Coral Gables Physical Therapy,https://coralgablespt.com,https://www.pinecrestpt.com/,phone
Coral Gallery,https://bernicesteinbaum.gallery/,http://coralcontemporaryart.com/,phone
"Coral Gables, FL Private Wealth Management",,https://pwmcg.com/,name
Coral Reef Plumbing,,https://coralreefplumbing.com/,phone
Coral Terrace Elementary School,,http://cte.dadeschools.net/,name
Coral Way Disc Center,,https://coralwaydisccenter.com/,phone
Coral Way Chiropractic Center,,https://coralwaychiropracticcenter.com/,phone
CorEvents Inc.,https://corevents.com,http://www.cor-events.com/,name
Cork and Barrel Wine and Spirits,,http://corkandbarrelnyc.com/,phone
CorpoSchema Pilates & Rehab,,http://www.corposchema.com/,phone
Corwil Architects Inc,,http://www.corwilarchitects.com/,phone
Costazul Peruvian Cuisine,https://costazulmiami.com/,https://mymenuweb.com/us/restaurants/1243554/?utm_source=google_profile&utm_medium=google_profile&utm_campaign=admin,phone
Countach Inc.,,https://countachpaintandbody.com/,phone
"Cornish Hernandez Gonzalez, PLLC",http://lungdoctors.com/,http://www.chglawyers.com/?utm_source=google&utm_medium=organic&utm_campaign=gbp_listing,phone
Coyo Taco,https://coyotaco.com/coralgables,https://www.coyo-taco.com/restaurants/south-miami,name
Cozy Salazar Interiors,,http://www.cozysalazar.com/,phone
CoverDad,,https://linktr.ee/getcoverdad,phone
CPS Electric Inc,,http://cpselectricgroup.com/,phone
CRAFT Coconut Grove,,https://craftmiami.us/,phone
Crown Wine & Spirits,,https://crownwineandspirits.com/,phone
Crystal Academy Therapy Center & School  Autism & Developmental Delays,https://crystalacademycg.org,https://crystalacademy.org/,phone
Cucina Fresca,,https://dineoncampus.com/miami/locations/cucina-fresca,name
Cuban Museum,https://coralgablesmuseum.org/,http://thecuban.org/,phone
Cueto Engineering,,http://www.cuetoengineering.com/,phone
Cummins Cederberg - Coastal & Marine Engineering,,http://www.cumminscederberg.com/,phone
Crema Gourmet,,https://www.cremagourmet.com/,phone
Cutting Edge Innovative,,https://www.cuttingedgeinnovative.com/,phone
CYBS,,https://www.cybsconsulting.com/,phone
CR Beauty Studio LLC,,https://crbeauty-studio.com/,phone
D & M Nails,https://www.drlisareiss.com/,https://dmnails.com/,phone
Cynthia Golomb,,https://www.skinassociatesfl.com/cynthia-golomb-md/,phone
Daily Flows Movement Studio,,http://dailyflowstudio.com/,phone
"David Hernandez, C.P.A., P.A.",,http://www.dhernandezcpa.com/,phone
"Dawson & Associates, CPA",,http://www.flacpa.com/,phone
"Dadeland Dermatology Group: David Rodriguez, MD",http://www.lolysoptical.com/,https://www.davidderm.com/?utm_source=gmb_auth,phone
"DC Financial Services, LLC",https://2ndchancecredit.net,https://dcfinservices.com/,phone
Daniel's Miami,,https://www.danielssteak.com/miami/,phone
Delia Izquierdo Insurance Agency Inc,https://deliaizquierdoinsuranceagency.com,http://www.deliaizquierdoinsurance.com/,phone
Delights of Beirut,,https://www.delightsofbeirut.com/,phone
David Plummer & Associates Inc,,https://www.dplummer.com/,phone
Derma Era Holistic Med Spa,https://dermaleraspa.com,https://dermalera.zoca.com/?utm_source=googlemaps&utm_medium=googlemapsprofile&utm_campaign=website_link,phone
Derm360-Merrick Park,https://godoghq.com/research-triangle-park-intro-offer/,https://www.toplinemd.com/derm-360/,phone
DERMATOLOGO Children's Skin Center,,http://www.childrensskincenter.com/,phone
Design Resource Center,https://designresourcecentersf.com,http://myvdrc.com/,name
Deel Volkswagen Coral Gables,,http://www.deelvolkswagen.com/,phone
Diamond Banc,,https://www.diamondbanc.com/fl/miami/,phone
Digestive Medicine Associates,,http://www.digestivemed.com/,phone
Delancey Wine,,http://delanceywine.com/,phone
Dixie Auto Service Inc,,https://dixieautoservice.com/,phone
DLE Lawyers | Abogados De Accidentes Miami,http://kaplantriallawyers.com/,https://www.dlelawyers.com/,phone
Doctors Independent Medical,,http://dimeimmigration.com/,phone
Dollar Tree,https://www.dollartree.com/locations/fl/miami/5029/,https://locations.dollartree.com/fl/miami/3301-coral-way-103?utm_source=google&utm_medium=organic&utm_campaign=maps,phone
"Donet, McMillan & Trontz, P.A.",,https://www.dmtlaw.com/,phone
DoubleDay Engineering,,http://www.doubledayengineering.com/,phone
Domino's,https://pizza.dominos.com/florida/coral-gables/5877-ponce-de-leon-blvd,https://www.dominos.com/en/?utm_source=google&utm_medium=loclist&utm_campaign=localmaps,phone
Dr. Alysa Herman,http://www.bodyworkchiro.com/,https://www.dralysaherman.com/?utm_source=google&utm_medium=local&utm_campaign=coralgables-drherman-website,phone
Dr. Frank Don,http://www.mymedicalproviders.com/,https://fadcenter.com/about-us/our-doctors/frank-don-do/,phone
"Dr. Francisco A. Kerdel, MD",,https://fadcenter.com/about-us/our-doctors/francisco-kerdel-md/,phone
Dr. Jose G. Lampreabe,,https://www.msmc.com/doctor/jose-g-lampreabe/,phone
Dr. Karen Martinez - Zen Smiles,,http://www.zensmilesmiami.com/,phone
Dr. TJ Giuffrida,,https://miamidermcenter.com/?y_source=1_MjQzMjc3NzktNzE1LWxvY2F0aW9uLndlYnNpdGU%3D,phone
"Dr. Rube J. Pardo, MD",,https://rymap.org/business/dr-rube-j-pardo-md-24xg67,phone
"Dr. Martin Grossman, DC - Coral Gables Chiropractic Centre",,https://www.drmartingrossman.com/,phone
DSN HOUSE COLLECTIVE - Miami Creative Agency,,https://www.dsnhousecollective.com/,phone
Durban Segnini Gallery,,http://www.durbansegnini.com/,phone
Dynamica Architecture,,http://www.dynamica8.com/,phone
Eastshore Architects,,http://www.eastshore.net/,phone
East Coast Properties & Commercial Real Estate,https://www.acehardware.com/store-details/18010,https://eastcoastcre.com/,phone
"Dr. William Moyal, DC, CCSP - Coral Way Chiropractic Center",,https://coralwaychiropracticcenter.com/,phone
Eastside Cellars,,https://eastsidecellars.com/,phone
Eating House Miami,,http://www.eatinghousemiami.com/,phone
Eating House,,http://www.eatinghousemiami.com/,name
ECR Engineering,,http://ecreng.com/,phone
Edelman Financial Engines,,https://www.edelmanfinancialengines.com/location.fl.Miami-Coral-Gables/?utm_medium=organic&utm_source=google&utm_campaign=gmb-listing&utm_content=yext,name
El Brazo Fuerte Bakery,,http://ebfbakery.com/,phone
Elaine King,,https://elaineking.com/,phone
Electric Sun Tanning Salons,,http://www.electricsunsalons.com/,phone
Elekron Electric Inc,,http://www.elekronelectric.com/,phone
Elevate Miami Church,,http://www.elevatemiamichurch.com/,phone
Elf,,https://www.elf.agency/,phone
Element Miami International Airport,https://elementhotels.marriott.com,https://www.marriott.com/en-us/hotels/miael-element-miami-international-airport/overview/?scid=f2ae0541-1279-4f24-b197-a979c79310b0,phone
Elia At Sebastian's Cafe,https://newmanalumnicenter.miami.edu/about-2/sebastians-cafe/,https://newman-alumni-center.com/about-2/sebastians-cafe/,name
Electrik Pros,,https://www.electrikpros.com/,phone
El Atlacatl,https://elatlacatlmiami.com/,https://elatlacatl.com/,phone
Engipartners,,http://www.engipartners.com/,phone
Empowered Living Chiropractic,,http://www.elchiropractic.com/,phone
Entrepidus,,http://entrepidus.com/,phone
Epiphany School,,http://www.ecsmiami.org/,name+zip
Equinox Bryant Park,,https://www.equinox.com/clubs/new-york/midtown/bryantpark?cid=gmb,phone
Equinox Rockefeller Center,,https://www.equinox.com/clubs/new-york/midtown/rockefeller,phone
Equitable Advisors,https://southflorida.equitableadvisors.com,https://www.equitablesouthflorida.com/,phone
Esri,,https://www.esri.com/en-us/home,phone
European Auto Service Center,,https://autorepaircoralgables.com/,phone
EVgo Charging Station,,https://www.evgo.com/find-a-charger/fl/coralgables/405-biltmore-way-87505/,phone
Evolution Salon & Spa,,https://monchomoreno.us/,phone
Exit9 Gift Emporium,,https://www.shopexit9.com/,phone
Exxon,https://www.exxon.com/en/find-station/200316004,https://www.exxonmobilfuels.com/en/find-gas-station/200319806,name
Evensky & Katz / Foldes Financial Wealth Management,https://evenskykatz.com,http://www.evensky.com/,phone
EZ Miami Plumbing Service Repair & Emergency,,https://www.miamifloridaplumbing.com/,name
Fab's Construction & Remodeling,,https://fabsremodeling.com/,phone
Fairlawn Elementary School,http://www.dadeschools.net/schools/schoolinformation/school_details.asp?id=1801,http://fairlawn.dadeschools.net/,name
FecundFig,,http://fecundfig.com/,phone
Ferco Motors,,http://www.fercomotors.com/,phone
EZ General Contractor LLC,,http://ez-gc.com/,phone
F45 Training Coral Gables,,http://www.f45training.com/coralgables,phone
Ferrer Law PA,https://www.sl-cpa.net/,https://www.ferrerlawpa.com/?npcmp=dir:local:5346373:33166,name
Fine Line Furniture and Accessories,https://fineline.us,https://finelinefurnitureandaccessories.com/,phone
Fingerprint Technologies,,http://www.fingerprints4all.com/,phone
Fiola Miami,,https://www.fiolamiami.com/,name
First Citizens Bank,https://firstcitizens.com,https://locations.firstcitizens.com/fl/coral-gables/250-palermo-avenue,phone
Facial Mania Med Spa - Coral Gables,,https://facialmaniamedspamiami.com/,phone
First United Methodist Church of Coral Gables & The Growing Place School,,http://www.welovecoralgables.org/,phone
FirstBank Florida - Coral Gables,,http://www.1firstbank.com/fl/en,phone
Fine Line Furniture & Accessories,https://fineline.us,https://finelinefurnitureandaccessories.com/,phone
Flatiron Wines & Spirits,,https://nyc.flatiron-wines.com/?utm_source=google&utm_medium=organic&utm_campaign=gmb,phone
FlipWash,,https://www.flipwash.com/,name
Florida Academic Dermatology Center,,https://fadcenter.com/,phone
Florida Doctors Group,,https://fdgmso.com/,phone
Flanagan & Bodenheimer Injury and Wrongful Death Law Firm,,http://www.florida-justice.com/?utm_campaign=gmb,phone
Florida Financial Advisors,,https://www.floridafa.com/,phone
Florida Trust and Estate Pro,,https://virginiaperezlaw.com/,phone
Fluid Marketplaces,,https://www.fluidmarketplaces.com/,phone
Flying with Air - Yoga & Dance,,http://www.flyingwithair.com/,phone
Fogo de Chao Coral Gables,https://fogo.com,https://fogodechao.com/location/coral-gables/,phone
Fontaine Retirement Group,https://fontaineretirement.com,http://www.fontaine-retirement.com/,phone
Formula Miami,,http://formulamiami.com/,phone
ForeverPools,,http://www.foreverpools.com/,phone
Foundation of the Americas,,http://www.foundationoftheamericas.org/,phone
Formula One Sports Cars,https://formula-1-sport-cars.ebizautos.com/,http://formulamiami.com/,phone
Frances S Tucker Elementary School,,http://tuckereagles.net/,name
Francesco,https://francescorestaurant.com,https://francesco-restaurant.com/,phone
Freeman's | Hindman,https://hindmanauctions.com,https://freemansauction.com/locations/miami,phone
Frenchies Dinner,http://www.frenchiesdiner.com,http://frenchiesdiner.net/,name
Fresco y Más,,https://www.frescoymas.com/,phone
Friedland | Carmona,,http://www.friedlandcarmona.com/,phone
Fritz and Franz Bierhaus,,http://www.bierhaus.cc/,name
Fundacion Manos del Sur,,http://www.manosdelsur.org/,phone
Fred Astaire Dance Studios,,https://www.fredastaire.com/coral-gables/,phone
Fyzical Therapy and Balance Centers - formerly Physical Therapy Associates PA,https://doctors.umiamihealth.org/provider/Patrick+Elias/728069,https://www.fyzical.com/south-miami-fl,phone
Frost School of Music,https://music.miami.edu,https://www.frost.miami.edu/,phone
G. Fajardo Art Gallery,,http://g-fajardo-art-gallery.jany.io/,phone
Gables Auto Brokers Inc.,,https://www.gablesautobrokers.com/,phone
Gables Construction Group,,https://www.gablesconstructiongroup.com/,phone
Fuel & Foam Detailing,,https://fuelfoamdetailing.com/,phone
Gables Family Dental,,http://www.gablesfamily.com/,phone
Gables Exceptional Smiles,,https://www.gablesexceptionalsmile.com/,phone
Gables iSmile,,https://www.gablesismile.com/,phone
Gables Medical,,http://www.gablesmed.com/,phone
Gables Laundry,,https://gableslaundryandcafe.com/,phone
Gables Neighbors Realty,,http://www.gablesneighbors.com/,phone
"Gables Skin Center | Ana M. Duarte, MD",,http://www.childrensskincenter.com/locations/,phone
Gables Wealth Planning Group of Raymond James,,https://www.raymondjames.com/gableswealthplanninggroup,phone
Gables Sedation and Family Dentistry,,https://www.gsdsmile.com/?utm_source=GMB_Listing&utm_medium=organic&utm_campaign=Website_URL,phone
Gables Nails Salon,,http://gablesnailsonponce.com/,phone
"Gamechangers Consulting, LLC",https://sergiotigera.com,https://gamechangersconsulting.com/,phone
GD Construction LLC,,https://instagram.com/gdconstructionllc?igshid=YTY2NzY3YTc=,phone
Gema Menendez  Keyes Co.,https://gemamenendez.keyes.com,http://elizabethmolina.keyes.com/,phone
General Dry Cleaners,,https://www.kendallcoupons.com/coupon/nk-general-dry-cleaning-bird-rd/?utm_source=google&utm_medium=gbp&utm_campaign=nk_general_cleaner_bird_rd,phone
Gables Smile Studio,,http://gablessmilestudio.com/,phone
Gaebe Mullen Antonelli & DiMatteo,,http://www.gaebemullen.com/,phone
Geeks on Site,,http://www.geeksonsite.com/,phone
Genesis Wealth Management Inc.,,http://www.genesiswealthmanagement.com/,phone
Generation Church,,http://www.mygeneration.cc/,name
gFour Marketing,,https://www.gfourmarketing.com/,phone
Ghantous Ibrahim,,https://rymap.org/business/ghantous-ibrahim-hraf77,phone
German Car Care,,http://www.germancarcare.net/,phone
Giralda Cleaners Inc,,http://www.giraldacleaners.com/,phone
GLADiiUM Technology Partners,https://gladiium.ua/,https://gladiium.com/,phone
Global Ties Miami,,http://www.globaltiesmiami.org/,phone
Global Foundation for Democracy and Development,,https://gfddfl.org/,phone
Golden Asian Massage & Spa,,https://orientalmassagemiami.com/,phone
GoldenTrust Insurance Coral Gables,,https://coralgables.goldentrust.com/,phone
Golden Sands General Contractors,,http://www.goldensandsgc.com/,phone
Gnarly Vines,,http://www.gnarlyvines.com/,phone
Goodyear Auto Service,,https://www.goodyear.com/en-us/goodyearautoservice,phone
Gowanus Wine Studio & Tasting Table,,http://gowanuswinestudio.com/,phone
GLOSS Nail Bar/GLOSS Naturals - Coral Gables,,http://www.glossnaturals.com/,phone
Glow Pilates Reformer,,https://glowpilatesreformer.com/,phone
Granada Church,,http://granadachurch.com/?utm_source=google&utm_medium=gmb,phone
Gravitate Wellspace,,https://www.gravitatewellspace.com/,phone
Grind Hard Barbershop,,http://grindhardbarbershop.booksy.com/a/,phone
Grove Cleaners,,http://www.grovecleaners.com/,phone
Grove Liquors,https://www.milamsmarkets.com/locations/,https://milams.instacart.com/store/grove-liquors/storefront,phone
Groovys Pizza & Grill,https://www.groovyspizzaandgrill.com/,https://groovyspizzagrill.getsauce.com/,name
Gomez Law - Coral Gables HOA Lawyers & Real Estate Attorneys,,https://www.gomezlaw.com/estate-planning/,phone
Gus Cisneros - State Farm Insurance Agent,,https://www.guscisneros.com/?cmpid=PU1O_blm_0001,phone
Gusto Casero By MDQ Sweets,,https://www.gustocaserobymdq.com/,phone
Hair Color by Rosa,,https://www.haircolorbyrosa.com/,phone
Hair Cuttery,https://www.supercuts.com/locations/nearme/haircut/fl/coral-gables/2309-ponce-de-leon-blvd/82779,http://locations.haircuttery.com/md/nottingham/5207-campbell-blvd.html?y_source=1_Mzc3MDI0NS03MTUtbG9jYXRpb24ud2Vic2l0ZQ==,name
Hamed Rodriguez Architects Inc,,http://www.hamedrodriguez.com/,phone
HandsOn South Florida (Miami),,http://www.handsonsouthflorida.org/,phone
H&CO | Coral Gables,,http://www.hco.com/,phone
Hazen & Sawyer,,https://www.hazenandsawyer.com/,phone
Health Care Center of Little Havana,https://healthcarecenters.info,https://healthcarecenterfl.com/,name
Hells Kitchen wines & spirits (Formerly known as 54 wines & spirits),,https://hellskitchenwine.com/,phone
Havana Harry's,,https://www.havanaharrys.com/,phone
Henry S West Laboratory Elementary School,,https://www.westlabschool.org/,name
Hevia Cosmetic Dermatology,,http://www.oscarheviamd.com/,phone
Heyday Marketing,,https://heydaymarketing.com/,phone
Hidy Homes Team - Keller Williams Miami - Kathy Hidy,,https://www.hidyhomes.com/,phone
HIGGS HUB,https://rosellapapale.com,http://www.higgs-hub.com/,phone
Hilton Gomes MD,,https://miamedicine.com/,phone
"Hinkle Design Studio, LLC.",,http://www.hinkle.design/,phone
Holistic Health and Wellness by Dr. David Cohen,,https://drcholistichealth.com/,name
HKS | Architects & Designers,,https://www.hksinc.com/our-offices/miami/,phone
Hidalgo Construction,,https://www.hidalgoconstruction.com/,phone
Hot Heads Barber Shop,,http://www.facebook.com/hotheadsmiami,phone
"Hotel Arya, BW Premier Collection",https://www.hotelaryacg.com/,https://www.bestwestern.com/en_US/book/hotels-in-miami/hotel-arya-bw-premier-collection/propertyCode.10417.html,phone
Hotel Colonnade Coral Gables,https://hotelcolonnade.com,https://www.marriott.com/en-us/hotels/miaao-hotel-colonnade-coral-gables-autograph-collection/overview/?scid=f2ae0541-1279-4f24-b197-a979c79310b0,phone
"Hotel Colonnade Coral Gables, Autograph Collection",,https://www.marriott.com/en-us/hotels/miaao-hotel-colonnade-coral-gables-autograph-collection/overview/?scid=f2ae0541-1279-4f24-b197-a979c79310b0,phone
Humboldt International University,https://hiuniversity.com,https://hiuniversity.edu/,phone
IBM,,https://www.ibm.com/us-en/,name
"iCare Chiropractic, P.A.",,https://www.icarechiro.com/,phone
IBIS Studio // Digital Marketing Agency,,http://ibisstudio.com/?y_source=1_MTI2MTY2Ny03MTUtbG9jYXRpb24ud2Vic2l0ZQ%3D%3D,phone
Hilton Miami Airport Blue Lagoon,,https://www.hilton.com/en/hotels/miaahhh-hilton-miami-airport-blue-lagoon/?SEO_id=GMB-AMER-HH-MIAAHHH,phone
Icon Nails Spa,,https://iconnailscg.com/,phone
Hyatt Regency Coral Gables,https://coralgables.hyatt.com,https://www.hyatt.com/hyatt-regency/en-US/coral-hyatt-regency-coral-gables?src=corp_lclb_google_seo_coral&utm_source=google&utm_medium=organic&utm_campaign=lmr,phone
Ichimi,,https://ichimiramenbar.com/?utm_source=google,name
Ignite Fit Training,,https://ignitefittraining.com/,phone
Ileana Cabrera-Rodriguez - State Farm Insurance Agent,,http://www.ileanainsurance.com/?cmpid=cyzb_blm_0001,phone
IMO Cosmetic Dermatology,,https://www.imoglow.com/,phone
IncSight,,http://www.incsight.net/,phone
In Fashion by Vera,,http://www.infashionbyvera.com/,phone
Ingelmo Associates PA,,http://ingelmo.biz/,phone
Instamarket,http://www.milamsmarkets.com/,https://dineoncampus.com/miami,name+zip
International Opticians,,http://www.internationalopticians.com/,phone
International Studies Preparatory Academy (ISPA),https://internationalstudiesprep.net,http://ispa.dadeschools.net/,phone
Isabella Ladera Salón,,https://www.instagram.com/isabellaladera_salon?igsh=ajd3bW1mZHJydnY1&utm_source=qr,phone
IT of United States - Managed IT Services & Support South Miami / Coral Gables Office,,https://itofus.com/,phone
Interseckt Corporation,,https://www.interseckt.com/,phone
Immerz Water Damage,,https://immerzwaterdamage.com/locations/coral-gables,phone
Italian Eyewear Inc,,http://www.italianeyewearmiami.com/,phone
Jackson Medical Group - Coral Gables,https://jacksonhealth.org,https://medicalgroup.jacksonhealth.org/locations/jackson-medical-group-coral-gables/,phone
"Javier Alonso, MD Dermatology",,https://coralgablesdermatology.com/,phone
Jar of Hearts Inc.,https://jarofheartsfoundation.org,https://www.jarofhearts.org/,phone
"JCM Corporate CPA, P.A.",,https://jcmcorporate.com/,phone
JDCutzzzz,,https://jdcutzz.booksy.com/a/,phone
Jackson Health Foundation,https://jacksonhealthfoundation.org,https://jacksonhealth.org/locations/jackson-memorial-hospital/,name
Izakaya,,https://sushinizakaya.com/,phone
Jerry Herman Ring Theatre,https://ring-theatre.as.miami.edu/index.html,http://www.as.miami.edu/ringtheatre/,phone
"Jenny P. Caceres, DC. Coral Gables Family Chiropractic",,http://coralgableschiro.com/,phone
Jaguar Coral Gables,,https://www.jaguarcoralgables.com/,phone
Jensen Hughes,,https://www.jensenhughes.com/?utm_source=google&utm_medium=organic&utm_campaign=gmb,phone
Jives Media,,https://www.jivesmedia.com/digital-marketing-agency-in-miami/,phone
John Martin's Irish Pub & Restaurant,,https://johnmartinsmiami.com/,phone
"John William Uribe, MD",,https://baptisthealth.net/doctors/John-William-Uribe/868112?utm_source=yext&utm_medium=google&utm_campaign=listing&y_source=1_MTIyMDgzMDUtNzE1LWxvY2F0aW9uLndlYnNpdGU%3D,phone
Johnny Was,,https://www.johnnywas.com/store/coral-gables/38-1022,phone
Jolly Good Marketing,,http://www.jollygoodmarketing.com/,phone
Jose Marti School,,https://josemartischool.com/,name
Junior League of Miami,,http://www.jlmiami.org/,phone
Junior Achievement of Greater Miami,https://miami.ja.org,http://www.jamiami.org/,phone
Junior Orange Bowl,https://jrorangebowl.org,http://juniororangebowl.org/,phone
Juneau Construction Company,,http://www.juneaucc.com/,phone
JZ helps (a Florida injury law firm),,https://www.justinziegler.net/,phone
"Katerina Bucciarelli, Coral Gables Real Estate Broker, Innovatio Realty Group Miami Florida",,https://innovatiore.com/,phone
"Kathryn Pineyro, LCSW",,http://www.kathrynpineyro.com/,phone
Kavachnina Gallery,,http://www.kavachnina.com/,phone
KB Electronics,,https://acim.nidec.com/drives/kbelectronics,phone
kabookaboo,,http://www.kabookaboo.com/,phone
Keller Williams Capital Realty,,http://coralgables.yourkwoffice.com/,phone
Kettal,,https://www.kettal.com/,phone
Key Transportation,https://keytransportation.com,https://key-transportation.com/,name
Kerdyk Real Estate,,http://www.kerdyk.com/,phone
Kiddie Country Club,,https://coralgablescountryclub.com/,name+zip
Kings Christian School,,http://www.kcsmiami.com/,name
Kindred Hospital - South Florida - Coral Gables,https://www.khcoralgables.com,https://www.kindredhospitals.com/locations/florida/south-florida-coral-gables,name
Kimley-Horn,,http://www.kimley-horn.com/,phone
Keller Williams Realty: Grace Izquierdo,,http://www.homesbygrace.com/,phone
"KSDT, CPA",https://ksdtcpa.com,http://www.ksdt.com/,name
Kukic Advertising,,http://kukicadvertising.com/,phone
"Kurzban,Kurzban,Weinger,Tetzeli and Pratt",https://www.kkwtlaw.com/,https://www.kktplaw.com/?npcmp=dir:local:1575323:33134,phone
La Casita Cuban Cuisine,,https://lacasitacubancuisine.com/,name
La Casita Restaurant,http://lacasitamiami.com/,https://lacasitacubancuisine.com/,phone
La Elegante Cleaners,,https://www.instagram.com/laelegante_cleaners/?hl=en,phone
La Boulangerie Boul'Mich,,https://www.laboulangerieusa.com/,phone
La Industria Bakery & Cafe,,https://www.laindustriabakery.com/,phone
La Jamoteca Coral Gables,,http://www.lajamoteca.com/,phone
La Roca Miami,,https://www.larocacc.com/miami/,phone
Ladin Tax & Financial Group - Coral Gables & Miami Financial Advisors,,http://www.ladintax.com/,phone
Lambda Software,,http://lssdevs.com/,phone
Lamour spa fl,,https://lamourspafl.com/?contact_posted=true#ContactForm-AcDc2d2N4VDc4MUxpc__contact_form_3BFzBK,phone
Land Rover Coral Gables,,https://www.landrovercoralgables.com/,phone
Lakeside Expo Center,,https://events.miami.edu/lakeside_expo_center_17,name
Lansight Technology,,http://www.lansight.com/,phone
Landmark Wine & Spirits + Minoru's Sake Shop,,http://www.wineon23.com/,phone
LaSalle Dry Cleaners,,http://www.lasalledrycleaners.com/,phone
Larkin Community Hospital,http://www.larkinhospital.com/site/,https://larkinhealth.com/en/,phone
Lauren's Face the Day,,http://www.laurensfacetheday.com/,phone
La Taberna Giralda,,http://www.giralda254.com/,phone
"Le Parc-Bonjour, Café Bistro",,https://leparccafe.com/,phone
Le Petit Spa Corp. - Coral Gables,,http://www.lepetiteyouthspa.com/,phone
LensCrafters,https://lenscrafters.com,https://local.lenscrafters.com/fl/coral-gables/358-san-lorenzo-avenue.html?cid=yext_E896&y_source=1_MTc0MzI4MzYtNzE1LWxvY2F0aW9uLndlYnNpdGU%3D,phone
Let's prototype,,https://letsprototype.com/en,phone
Leica Store Miami,,http://www.leicastoremiami.com/,phone
Liberty Elevator Corporation,https://libertyelevator.com,https://florida.libertyelevator.com/en/locations/Coral-Gables/,phone
Life Spa Coral Gables,,http://www.lifespaonline.com/,phone
LifeQuote,,https://lifequote.com/,phone
Lightrail Yoga,,http://www.lightrailyoga.com/,phone
Lincoln Marti Schools,,http://www.lincoln-marti.com/,name
"LifeClinic Chiropractic & Rehabilitation - Coral Gables, FL",,https://lifeclinic.lifetime.life/locations/fl/coral-gables.html,phone
Liks Beauty and Wellness Spa- Facial and Body Contouring,,https://www.liksbeautymiami.com/,phone
Lincoln-Marti School,,http://www.lincoln-marti.com/,name+zip
Lighthouse Internet Media,https://lighthousemedia.com,https://lighthouseinternetmedia.com/,phone
LITTLE HAVANA GIFT SHOP,,https://littlehavanagiftshop.com/,phone
Locust Projects,,http://www.locustprojects.org/,phone
Lokal Burgers and Beer,https://www.lokalmiami.com/,https://www.kushhospitality.com/lokal,phone
"Loree Shrager, PhD",,https://www.drloreephd.com/,phone
Lovesac,,http://www.lovesac.com/,phone
Lizmellobeauty,,http://lizmellobeauty.glossgenius.com/,phone
"Lowell International Realty, LLC",https://lowellinternationalrealty.com,https://thelanigroup.com/,phone
Lowe Art Museum,https://lowemuseum.org,https://www.lowe.miami.edu/,phone
Lucerne Bakery,,https://www.lucernebakery.com/,phone
Loly Spa Miami,,https://www.lolyspa.com/,phone
Ludlam Elementary School,,https://ludlamelementary.net/,name
Lucky Concrete Coral Gables,,https://luckysconcretecoralgables.com/,phone
"Lux Lifestyle Chiropractic || Dr. Brittany Holliday, DC",,https://www.luxlifestylechiropractic.com/,phone
LUXE Properties,,http://liveluxehomes.com/,phone
M C Auto Tech,,http://www.facebook.com/DrGasket,phone
Madewell,,https://stores.madewell.com/us/fl/coral-gables/350-san-lorenzo-avenue,name
Mack Cycle and Fitness,https://www.mackcycleandfitness.com/,https://www.mackcycle.com/,phone
MaidelinGC,https://maidelingc.com/,https://hairbymaidelingc.square.site/,phone
Madruga Bakery,,https://madrugaorders.square.site/,phone
Maison Berger USA Inc.,https://maisonberger.com,https://maison-berger.com/,name
Madison Construction Group Inc.,,http://www.madisongc.com/,phone
Majestic Portuguese Bakehouse,,http://www.majesticbakehouse.com/,phone
MANIPEDI Boutique,,https://manipediboutique.com/,phone
MAR Engineers,https://stores.truevalue.com/fl/miami/4017,https://marengineers.com/,phone
Mandler Physical Therapy,,https://www.mandlerpt.com/,phone
Marca Hispanic,,https://marcamiami.com/,phone
ManKind Grooming & Services,,https://mankindformen.com/coral-gables/,phone
Marbleon,,https://marbleon.space/,name
"Maria Elena Kendall, MD",,http://www.dermbarmd.com/,phone
Margarita Borda,,http://margaritaborda.com/,phone
Mariner,,https://www.marinerwealthadvisors.com/,phone
Mariposa,,https://stores.neimanmarcus.com/restaurants/Coral%20Gables/FL/1034-R-1/Mariposa?storeId=34/CG,phone
ManCave for Men - The Plaza Coral Gables,,http://mancaveformen.com/,phone
Martha Viera MD,,https://www.vieramarthamd.com/?utm_source=gmb_auth,phone
Mano Libera - Marco Giugliano,,https://www.manoliberamiami.com/,phone
"Maruja Gil PA, Realtor",,https://marujagilproperties.com/,phone
MasMed Rehab,,http://masmedrehab.com/,phone
Mat & Maternity,,https://www.matandmaternity.com/google,phone
Masterpiece Barbers Barbershop,,https://masterpiece-barbers.square.site/,phone
Mathnasium,,https://www.mathnasium.com/math-centers/dadeland?utm_source=Google+&utm_medium=Listing&utm_campaign=Google+Business+Profile,name
Max Appliance Repair Miami,,https://www.maxappliancerepairmiami.com/,phone
"Maxwell Engineers, Inc.",,https://maxwellengineers.com/,phone
MD Senior Placement,https://mdseniorplacement.org,http://www.floridaseniorplacement.net/,name
Mega Luxe Homes,,https://www.megaluxehomes.com/contact/,phone
Mellig Group - Wealth Advisors,,http://www.mellig.us/,phone
Meira Wealth,,http://www.meirawealth.com/,phone
Merrick Dental Coral Gables,,http://www.merrickdentalcoralgables.com/,phone
Mayors,,https://www.mayors.com/?utm_source=yext&utm_medium=google&utm_campaign=storelisting&utm_content=4150,phone
MEP World Group,,http://mepworldgroup.com/,phone
Media Global Group,,http://www.mggmedia.com/,phone
MesaMar Seafood Table,,https://mesamar.com/,phone
Mi Nail Bar Coral Gables,,https://minailbarmiraclemile.com/,phone
MIAM CAFE - CORAL GABLES,,http://www.miamcafe.com/,phone
Miami Association of Realtors,https://miamire.com,http://miamirealtors.com/,phone
Merrill Lynch Wealth Management,,https://advisor.ml.com/sites/fl/coral-gables,name
Miami Accident Clinic,http://www.themiamiaccidentclinic.com,https://iconmedicalcenters.com/miami/,name
Miami 24/7 Plumbing - Miami Emergency Plumbers,,https://www.miami247plumbing.com/,phone
Miami Auto Collection Inc,,https://www.305autocollection.com/,phone
Miami Chiropractic,,https://miamichiropractic.us/,phone
"Miami Environmental & Civil Engineering, LLC",,http://mec-e.com/,phone
Miami Fair Trade,,https://gablesucc.org/miami-fair-trade-marketplace/,phone
Miami Lighthouse for the Blind and Visually Impaired,https://miamilighthouse.org,http://miamilighthouse.com/,name
Miami New Times,https://voicemediagroup.com,https://www.miaminewtimes.com/,name
Miami Old School Barbershop - Coral Gables,,https://miami-old-school-barbershop---coral-gables.square.site/,phone
"Miami Physical Therapy Associates, Inc.",,http://www.miamipta.com/,phone
Miami Royal Ballet Dance School,,https://www.miamiroyalballet.com/,phone
Miami Spine & Posture Clinic,https://www.miamiposture.com/,http://www.miamipostures.com/,phone
MiamiDade County Aviation Department,https://miami-airport.com,http://www.miamidade.gov/,name
Miami International Dance Academy,,http://www.miaminternationaldanceacademy.com/,phone
MICHELLE a creative agency,,http://www.michelleagency.com/,phone
Micocos,,http://micocoselbuencafe.com/,phone
Millesima USA Wine Store New York,,https://www.millesima-usa.com/,phone
Miami's Quality Auto Repair,,http://qualityautorepairfl.com/?utm_campaign=gmb,phone
Ministerio Manases,,https://www.manases.org/,phone
Minty Fresh Miami: Dental & Orthodontics,,https://mintyfreshmiami.com/,phone
Mint Wellness Center,,http://www.mintwellness.center/,phone
Minuteman Press,https://coralgables.minutemanpress.com,https://minuteman.com/us/locations/fl/coral-gables/,phone
Miracle Marketplace,,https://www.miracle-marketplace.com/,phone
Milam's Market- Coral Gables (East),,http://www.milamsmarkets.com/,phone
Miracle Smile Dentistry - Dr. Anna Aller,,https://miracle-smile.com/,phone
Mobil,https://www.exxon.com/en/find-station/200316004,https://www.exxonmobilfuels.com/en/find-gas-station/200316004,phone
Moises|Gross,,https://moisesgross.com/?utm_source=GMB&utm_medium=Organic,phone
Monalisa Pizzeria Italian Restaurant,https://monalisapizzeria.menufy.com,https://monalisapizza.com/,phone
Monkey Furniture Store,,https://www.instagram.com/lussofurniture__,phone
Monty's Coconut Grove,,https://www.montysrawbar.com/,phone
Mood Wellness Spa,,https://moodspa.us/,phone
Morgan Stanley Financial Advisors,,https://advisor.morganstanley.com/coral-gables-branch-2361797?y_source=1_MjM2MTc5Ny03MTUtbG9jYXRpb24ud2Vic2l0ZQ%3D%3D,phone
Morgan Horton Law,https://cmorganlaw.net,https://morganhortonlaw.com/,phone
Mister Sparky,,https://miamimistersparky.com/?utm_source=GBP&utm_medium=organic&utm_campaign=miamigbp,phone
Mr Jeff Cleaners,,https://www.jeffcleaners.com/,phone
My Time Nail Bar,,http://www.mytimenailbar.com/,phone
Nails & Pearls Spa,,http://blondebarbershop.co/,phone
Nailsart by Karla,,https://book.squareup.com/appointments/xvbwks1l32sui1/location/LAG3YCHV9QRHZ/services?utm_source=ig&utm_medium=social&utm_content=link_in_bio&fbclid=PAdGRleASGmE5leHRuA2FlbQIxMQBzcnRjBmFwcF9pZA8xMjQwMjQ1NzQyODc0MTQAAadqxrkUbrOwPL-zXbQNScs6isQyFqPVeqdAehYj1sM8NrHuDJbhxcnGymen8Q_aem_SikOoLmYX_5GWOAScP77gQ,name
Nails by Yc,,https://www.nailsbyyc.net/,phone
MyFloridaMSP LLC,,https://myfloridamsp.com/,phone
Natal Counseling,https://www.anasacounseling.com/,http://www.natalcounseling.com/,phone
N0vanailzz,,https://n0vanailzz.glossgenius.com/,name
Neat Waxing,,https://theneatwaxing.com/,phone
Neiman Marcus,,https://stores.neimanmarcus.com/stores/coralgables/fl/coralgables/1034,phone
National Shrine of Our Lady of Charity,,https://ermita.org/,phone
NetsMiami Digital Marketing,,https://www.netsmiami.com/,phone
Neoklasik Modern Artisan Bakery,,http://www.neoklasikmiami.com/,phone
neuelane,,https://neuelane.com/,phone
Neighborhood Tennis,https://ntennismiami.com/,https://ntcoralgables.com/,phone
New Day Chiropractic Clinic,,http://newdayclinic.com/,phone
nexogy,,http://www.nexogy.com/,phone
Nichols Architects,,https://www.nicholsarch.com/,phone
Nicest Barbers Barbershop,,http://nicestbarbers.com/,phone
Nicole Valdes Ph.D. & Associates P.A.,,https://nicolevaldesphd.com/,phone
Northwestern Mutual  Coral Gables,https://coralgables.nm.com,https://www.northwesternmutual.com/office/fl/coral-gables/20691908/,phone
Northern Trust,https://ntrs.com,https://www.northerntrust.com/about-us/locations/us/fl/coral-gables-595-biltmore-way,name
NR CPAs and Business Advisors,https://nrcpas.com,http://www.rc.cpa/,name
Novotel Miami Brickell,https://novotelmiami.com,https://all.accor.com/lien_externe.svlt?goto=fiche_hotel&code_hotel=B4Z0&merchantid=seo-maps-US-B4Z0&sourceid=aw-cen&utm_medium=seo%20maps&utm_source=google%20Maps&utm_campaign=seo%20maps,name
No Boundaries Sport,,https://www.noboundariessport.com/,phone
OBMI Architecture & Interior Design Firm,,http://www.obmi.com/,phone
Obe Power Charging Station,,https://obepower.com/,phone
Ocean Auto Club,,https://www.oceanautoclub.com/?utm_source=GMB%20CG&utm_medium=organic,phone
NOMA Beach at Redfish,https://nomabeach.com,https://noma-beach.com/,name
Oasis Chiropractic Center,,https://coralwaychiropracticcenter.com/,name
Oceanside Construction & Remodeling,,http://www.oceansidecr.com/,phone
Oh Mary Nails,,https://www.ohmarynails.com/,phone
One Stop Construction,,http://www.onestopconstruction.com/,phone
One Stop Dry Cleaning,,http://www.onestopdrycleaning.com/,phone
Organity,https://organity.at,http://vanitypointwellness.com/,phone
Odebrecht,,http://www.odebrechtusa.com/contact/addresses-and-phone-numbers,phone
Origin Physical Therapy,,https://www.theoriginway.com/florida/miami-coral-gables,phone
Orion Merchant Solutions / Petro Solutions,https://omsps.com,http://orionmerchantsolutions.com/,phone
Ossobuco Coconut Grove,,http://ossobuco.miami/,phone
Our Lady of Lourdes Academy,,http://www.olla.org/,name
Onyx Ink,https://onyxink.com,https://onyx-ink.com/pages/coral-gables,phone
Our Lady of Sorrows Catholic Church,,http://www.olsmiami.org/,phone
Oxxo Care Cleaners Merrick Park,,https://oxxousa.com/locations/florida/merrick-park/,phone
Outsmart Labs,,https://outsmartlabs.com/?utm_source=GMB&utm_medium=Organic,phone
Oxxo Care Cleaners Coral Gables,,http://www.oxxousa.com/,phone
Origen,,http://www.shop-origen.com/,name
P.Pole Pizza Coral Gables,,https://ppolepizza.com/,name
Pacific54,,https://www.pacific54.com/,phone
Page Chiropractic Life Center,,https://www.pagechiropractic.com/?UTM_source=GBL,phone
Pamela I. Perry PA,,http://www.pamperrylaw.com/,phone
Panera Bread,https://locations.panerabread.com/fl/coral-gables/137-miracle-mile.html,https://www.panerabread.com/en-us/cafe/locations/fl/coral-gables/137-miracle-mile?utm_medium=local&utm_source=google&utm_campaign=dpm-dist&utm_term=601425&utm_content=main,phone
Pandora Jewelry,,https://stores.pandora.net/en-us/fl/coralgables/pandora-jewelry-us896cc056.html?utm_source=google&utm_medium=listing&utm_content=us896cc056&utm_campaign=FL&utm_keyword=Coral%20Gables,name
Panorama Restaurant & Sky Lounge,https://www.sonesta.com/CoconutGrove/index.cfm?fa=restaurant1.home,http://www.hotelarya.com/,phone
Paolo Fontanot Bakery & Cafe,,https://paolofontanot.com/,phone
Parajon Animal Clinic,https://www.facebook.com/Parajon-Animal-Clinic-452648924756303/,https://rymaps.xyz/business/parajon-animal-clinic-523uik,phone
Parameter,,https://parameterllc.com/,phone
Pasion del Cielo,,https://www.pasiondelcielocoffee.com/,name
Patio & Things,,http://patio-n-things.com/#google+,phone
Pastor at Pascal,,https://pastoratpascal.net/,name
Pasion del Cielo Coffee,,https://www.pasiondelcielocoffee.com/,phone
"Pawn Jewelry - Coral Gables, Miami",https://www.susanblakejewelry.com/,https://pawnjewelry.com/fl/miami/pawn-jewelry/?utm_source=GBP&utm_medium=GBPh&utm_campaign=Miami,phone
Paycom,https://paycomonline.com,https://www.paycom.com/?utm_campaign=googlemybusiness&utm_source=paycom+miami&utm_medium=organic,name
"PayCargo, LLC",,https://www.paycargo.com/,phone
Peacock Foundation Inc,,http://peacockfoundationinc.org/,phone
Pecan's Day Spa,,http://pecansdayspacoralgables.com/,phone
Pelvic Therapy South Florida,,http://www.pelvictherapysf.com/,phone
Pauloluigi,https://www.pauloluigicg.com,https://pauloluigi.com/,phone
Perkins+Will,,http://perkinswill.com/offices/miami.html,phone
Permuy Architecture,,https://permuyarchitecture.com/,phone
Personal ConciergMed,https://pcmmd.com,https://www.pcm-md.com/,phone
Perry's Steakhouse & Grille - Coral Gables,,https://perryssteakhouse.com/locations/fl/miami/coral-gables/,name
Pharma Plus Drug Store,http://www.university-pharmacy.com/,http://www.mygnp.com/store-locator,phone
Phoenix Pro Connect,https://phxproconnect.com,https://www.phoenixproconnect.com/,name
Physical Therapy NOW Bird Road,,https://www.physicaltherapynow.com/bird-road/,phone
Physical Therapy Now Coral Gables,,https://www.physicaltherapynow.com/coral-gables/,phone
phūla,,http://www.phulamiami.com/,phone
PIL Creative Group,https://pilcreativegroup.com,https://thepil.com/,phone
Perillo Construction Inc.,,http://perilloconstruction.com/,phone
Pilates Gaia,,http://pilatesgaia.com/,phone
Pinecrest Bakery - Coral Gables,,https://pinecrestbakery.com/,phone
Pinecrest Bakery - Coconut Grove,,https://pinecrestbakery.com/,phone
Pinecrest Physical Therapy,,https://www.pinecrestpt.com/,phone
Pinocho Bakery,,https://pinocho-bakery.com/,phone
Plaza & Associates,,https://www.plazaandassociates.com/,phone
Plymouth Congregational Church,,http://www.plymouthmiami.org/,phone
Poke 305 Grove,https://www.clover.com/,http://www.poke305.com/,phone
Polestar Miami,,https://www.polestar.com/us/spaces/miami,phone
PNC Bank,https://pnc.com,https://locator.pnc.com/en/details/fl/coral-gables/branch/2730-ponce-de-leon-blvd?lnksrc=branch-listing-google,name
Ponemus,,http://www.ponemus.com/,phone
Portosole,,https://portosolemiami.com/,phone
Positive Health Psychology Associates {PHPA},,http://www.drsandracastillo.com/,phone
Premier NAD+,https://premieres.com,https://www.premiernadplus.com/,name
Premier Pediatric Dentistry,https://premierpediatricdentistry.com,https://pediatricdentistmiami.com/?y_source=1_NzYxMDAyMTktNzE1LWxvY2F0aW9uLndlYnNpdGU%3D,phone
Preo Communications - Best Digital Marketing Agency,,https://preocommunications.com/,phone
Premium Upholstery,,http://www.highendpatiocushions.com/,phone
Prestigious Image Barbershop and Spa,,http://www.prestigiousimage.com/,phone
"Prime Sports Wellness Physical Therapy, PT",,https://primesportspt.com/,phone
Prominent Financial Consultants,,https://www.prominentfc.com/,phone
PS Mortgage Lending,https://pslending.com,https://psmortgagelending.com/?utm_source=gbp&utm_medium=webclick,name
Psych Blossom,,http://psychblossom.com/?utm_source=GBP&utm_medium=organic&utm_campaign=office,phone
Psychological Services Center,,http://www.psy.miami.edu/psc/,phone
Publix Super Market at Douglas Grand,,https://www.publix.com/?setstorenumber=51&utm_medium=maps&utm_source=extendednetwork&utm_content=psm_website_url,phone
Publix Super Market on Monza Ave,,https://www.publix.com/?setstorenumber=94&utm_medium=maps&utm_source=extendednetwork&utm_content=psm_website_url,phone
Pulver CPA,https://pulvercpa.com,https://www.whittmarsh.com/,phone
Pure Project Home,,http://www.pureprojecthome.com/,phone
Punto Criollo,,https://www.puntocriollomiami.com/,name
Push Forward Project,,https://www.thepushforwardproject.org/,phone
"Pure Water Factory, LLC",https://purewaterfactorymiami.com,http://purewaterflorida.com/,name
Qualified Data Systems,,http://www.qualifiedsystems.com/,phone
Quadriplate V,https://450-gradi.com/,https://450gradimiami.com/,phone
Quest Workspaces 2525 Ponce Coral Gables,,https://questworkspaces.com/coral-gables-ponce?utm_source=google_business_profile&utm_medium=website,phone
Quirch Foods HQ,,http://www.quirchfoods.com/,phone
Psychology Associates of Coral Gables,,http://psychologyassociatesofcoralgables.com/,phone
Quuant Hair Salon,,http://quuanthairsalon.com/,phone
Quito,,http://www.quito.gob.ec/,name
Rahal Architects LLC,,http://rahalarchitects.com/,phone
Publix Super Market on S Le Jeune Rd,,https://www.publix.com/?setstorenumber=84&utm_medium=maps&utm_source=extendednetwork&utm_content=psm_website_url,phone
Rainbow Motel,,https://www.rainbowmotelmiami.com/?utm_source=google&utm_medium=wix_google_business_profile&utm_campaign=17388370617085347582,phone
Ranger Seat Covers,,https://rangerseatcover.com/,phone
Ransom Everglades School,,http://www.ransomeverglades.org/,name
"Reaction Rehab, LLC.",,http://reactionrehab.com/,phone
Refugee Assistance Alliance,,http://refugeeassistancealliance.org/,name
Red Carpet Italian Restaurant,https://www.redcarpetrestaurant.com/locations,https://www.cidrarestaurant.com/,phone
Regency Miami Airport by Sonesta,,https://www.sonesta.com/sonesta-hotels-resorts/fl/miami/regency-miami-airport-sonesta?utm_source=google&utm_medium=organic&utm_campaign=gmb,phone
Revenued,,https://info.revenued.com/apply?refsource=org-gmb&subrefsource=org-gmb,phone
Rex Fabrics,,https://www.rexfabrics.com/,phone
Rey's Auto Repair Shop,,https://search.app/fXQeVBRakCV64sbB8,phone
"Reytor Medical Center: Francisco Reytor, MD PA",,https://www.reytormedicalcenter.com/,phone
Rey's,,http://reys.co/,phone
Rick Burke - State Farm Insurance Agent,,https://www.rickburkeagency.com/?cmpid=L8L1_blm_0001,phone
RIMA’S GIFTS,,http://rimasgifts.com/,phone
RIVERA Performance & Recovery,,http://www.rivera.biz/,phone
"Rita Herrera, Real Estate Broker",https://londonfoster.com/agents/ritaherrera,https://ritafrommiami.com/,phone
Ritzy's Nails,,https://ritzysnails.booksy.com/a/,phone
Riverchase Dermatology - Miami,,https://www.riverchasedermatology.com/location/miami/?utm_source=Organic&utm_medium=Google&utm_campaign=GMB_Miami_6008,phone
Rivero Chiropractic Center,,http://www.chiromiami.com/,phone
Roar Media,,http://www.roarmedia.com/,phone
"Rize Mortgage, LLC",https://cesardelcollado.zipforhome.com,https://rizemtg.com/,name
RobinHood Diamonds,,https://robinhooddiamonds.com/,phone
Roly's Auto Service,https://www.rolysautoservice.com,http://www.rolyseuropeanautocenter.com/,phone
Roche Bobois,,https://www.roche-bobois.com/en-US/showrooms/fl-miami-coral-gables/s1508.html,phone
Rodeway Inn South Miami - Coral Gables,,https://www.choicehotels.com/florida/south-miami/rodeway-inn-hotels/fl645?mc=llgoxxpx,phone
Rodriguez Architects Inc,,http://www.rodriguezarchitects.com/,phone
Rosa Clara,https://rosaclara.es,https://www.rosa-clara.com/en-us/shop/rosa-clara-miami?utm_campaign=rosaclaramiami-250411-tienda&utm_content=linkficha&utm_medium=gmb&utm_source=google,phone
Rosetta Bakery,,https://www.rosettabakery.com/,name
Rossen Law Firm,,https://www.rossenlawfirm.com/?utm_source=googlemybusiness&utm_medium=organic&utm_campaign=gbpcoral-gables,phone
RWDI,,http://www.rwdi.com/,phone
Ró Steakhouse,,http://www.rosteakhouse.com/,phone
Rumble Boxing,https://lp.rumbleboxinggym.com/offer?clubready_referraltypeid=112226,http://www.rumbleboxinggym.com/coralgables?utm_source=google&utm_medium=referral&utm_campaign=yext&utm_term=organic,name
Sacha's Cafe,,https://www.sachas-cafe.com/contact.html,name
Saint Hugh School,,http://www.coralgablescavaliers.org/,name+zip
Saint Kevin Catholic School,,https://www.stks.org/,name
Saint Philips Episcopal School,,https://www.stphilips.org/,name+zip
Saint Thomas the Apostle School,,http://stamiami.org/,name+zip
Sala Catarsis,,http://www.teatrotrail.com/,name
Sakura Gables Japanese Restaurant,,https://sakuragablesjapaneserestaurant.getsauce.com/,phone
Sands Investments,,https://www.sandsig.com/,name
"Scheckner & Hetenyi, PL",https://cpash.com,http://www.cpa-sh.com/,phone
SB Architects,https://sbarchitects.com,http://www.sb-architects.com/,phone
Scully & Scully,,http://www.scullyandscully.com/,phone
Sea Grill,,https://seagrillmiami.com/,name
Sears,https://searsmiami.com/,https://www.sears.com/,phone
Secured Debt Investments,,http://secureddebtinvestments.com/,name
Sebastian's Cafe,https://newmanalumnicenter.miami.edu/about-2/sebastians-cafe/,https://newman-alumni-center.com/about-2/sebastians-cafe/,name+zip
Seeds of Hope Behavioral Health,,http://seedsofhopebh.com/,phone
Select Physical Therapy - Coconut Grove,,https://www.selectphysicaltherapy.com/contact/find-a-location/fl/miami/coconut-grove/?ty=xt,phone
"Ser & Associates, PLLC",https://serassociates.com,http://ser-associates.com/,phone
Serenity Spa Coral Gables,,https://www.serenityspacoralgables.com/,phone
SERVPRO of Wynwood,,https://www.servpro.com/locations/fl/servpro-of-wynwood?utm_medium=organic&utm_source=gbp,phone
Sergio's,,http://www.sergios.com/,name
Seat Masters Upholstery,,http://www.seatmastersonline.com/,phone
"Shelton and Stewart Realtors, LLC",https://teresheltonbernace.com,https://www.sheltonandstewart.com/,name
Silva Architects,,https://www.silvaarc.com/,phone
Silver Bluff School,,https://silverbluffelementary.net/,name+zip
Silver Dragon Store,,http://www.silverdragongables.com/,phone
Sipsip Rum Bar,https://www.mayfairhousemiami.com/dining/sipsip/,https://mayfair-grill.getbento.com/sipsip-rum-bar/,phone
"Sharff, Wittmer, Kurtz, Jackson, & Diaz, P.A.",https://swkjcpa.com,https://www.citrincooperman.com/,phone
Skin Associates of South Florida,,https://www.sflskin.com/,phone
Smoothie King,https://smoothieking.com,https://locations.smoothieking.com/ll/us/fl/coral-gables/1280-standford-dr/?utm_source=google&utm_medium=organic&utm_content=SOCi,phone
SnapCrack | 29 Dollar Chiropractic,,https://snapcrack.com/coral-gables/,name
Socal Cantina,https://dineoncampus.com/miami/,https://www.socal-taco.com/,phone
Sobie Fabrics,,https://www.fabricdaddy.com/,phone
Soccer,https://abrahamfoundation.com,https://www.coralgables.com/community-recreation/fitness-athletics/fitness-athletics-programs,name
SnapCrack | 99 Dollar IV Drip,,https://snapcrack.com/coral-gables/,name
Smash Interactive Agency | Digital Marketing Agency Miami,,https://smashinteractiveagency.com/?utm_campaign=gmb,phone
Society Cleaners - Dry Cleaning Company,,http://societyc.com/,phone
Socially Intuit,,https://sociallyintuit.com/,phone
Solved Puzzle,,https://solvedpuzzle.com/,phone
"South Florida Dermatology: Vitor Weinman, MD, FAAD",,https://www.dermatologyofsouthflorida.com/,phone
South Miami Car Accident Lawyer Group,http://caraccident.the-company-lawyer.com/south-miami-fl,https://accidentlawgrouppa.com/,name
South Miami K-8 Center,,http://www.smk8center.org/,name
South Miami Lutheran School,,http://www.smlcpreschool.org/,name+zip
SOCOTEC,,https://www.socotec.us/services/life-safety,phone
South Miami Middle School,,http://southmiamimiddle.org/,name+zip
South Miami Physical Therapy and Pilates,,https://www.southmiamiptpilates.com/?utm_source=google&utm_medium=organic&utm_campaign=coral=gbp,phone
South Miami Senior High School,,https://www.southmiamiseniorhigh.org/,name
Spa Bar Miami,,https://spabarmiami.com/,phone
spacebody,,http://thespacebody.com/,phone
Speech and Swallowing Continuum,https://speechswallowing.com,https://speech-swallowing.com/,phone
Spencer Stuart,,https://www.spencerstuart.com/global-locations/miami,phone
Speranza Nails Boutique - Coral Gables,,https://www.speranzanailsboutique.com/?utm_source=google&utm_medium=organic&utm_campaign=google_business,phone
Spotlight Miami,,http://spotlightmiami.org/,name
St George Antiochian Orthodox Cathedral,,http://www.stgmiami.org/,phone
Sra. Martinez,https://sramartinezmiami.com,https://sramartinezmiami.getbento.com/,phone
Spy World,,http://www.spyworldmiami.com/,phone
St Raymond of Peñafort Catholic Church,,http://www.straymondchurch.com/,phone
Stantec,,https://www.stantec.com/en/offices/united-states-locations/florida-offices-filtered/coral-gables-florida-office?utm_source=google-business-profile&utm_medium=organic&utm_campaign=website-gbp_listing_united-states&utm_content=florida_coral-gables,phone
St. Augustine Church & Catholic Student Center at the University of Miami,,http://www.saintaugustinechurch.org/,phone
Stanton Optical,,https://www.stantonoptical.com/locations/westchester-miami-fl/?utm_source=google&utm_medium=organic&utm_campaign=Westchester-FL-Local,phone
St. Philip's Episcopal Church & School,https://saintphilips.net,https://www.stphilips.org/,phone
South Miami Sports Medicine,,https://southmiamisportsmedicine.com/,phone
"Steinger, Greene & Feiner",,https://www.injurylawyers.com/coral-gables/?utm_source=GMB&utm_medium=organic&utm_campaign=CGL,phone
Stellar IT Solutions,,https://www.stellarit.net/,phone
Stealth Media Marketing,,https://stealthmediamarketing.com/?utm_source=google&utm_medium=gbp&utm_campaign=business_profile,phone
Stella Tribeca Home,,http://www.stellatribeca.com/,phone
Stifel,,https://www.stifel.com/branch/fl/miami-international,phone
Sunglass Hut,,https://stores.sunglasshut.com/us/fl/coral-gables/350-san-lorenzo-ave?cid=YEXT_5125&y_source=1_MTE0Mjc2Ni03MTUtbG9jYXRpb24ud2Vic2l0ZQ%3D%3D,phone
Sub-Zero Repair Services,,https://fivestarappliancerepairpros.com/,phone
Sunflowers Academy,,https://www.sunflowersacademyprep.com/,name
Sunset Elementary School,,https://sunsetinternationalschool.com/,name
Sury Nail Art,,https://surynailart.com/,phone
"Susanna Tamkins, OD",,https://doctors.umiamihealth.org/provider/Susanna+Tamkins/526225,phone
Suvayoga,,https://suvayoga.net/,phone
"Sweet Art by Lucila, Bird Road",https://www.lucilacakesmiami.com/,https://www.sweetartcakesmiami.com/,phone
Sweet Dogs,http://www.sweetdogs.net,http://sweetdogs305.com/,phone
Sweet Manifesto Coral Gables,,https://www.sweetmanifesto.com/,phone
Sushi by Scratch Restaurant,https://www.exploretock.com/sushi-by-scratch-restaurants-miami/,https://www.sushibyscratchrestaurants.com/miami,phone
Symbits Inc,,http://www.symbits.com/,phone
Sweet Paris Creperie and Cafe,,http://www.sweetparis.com/,phone
Sylvania Heights Elementary School,,https://sylvaniaheights.net/,name
Sunshine For All,,http://www.sunshineforall.org/,phone
Taco Rico Tex Mex Cafe,https://links.culinarycloud.co/taco-rico-coral-gables,https://tacorico.culinarycloud.co/?store_id=1912c8cf-44d9-48bc-9c3a-4e8928159378,phone
SynergyWorks Solutions: Mobile App Development Florida,,https://thesynergyworks.com/,phone
Synchroteam,,http://www.synchroteam.com/,phone
TalentoHC,,https://talentohc.com/,phone
Tap2ride,,https://tap2ridetransportation.com/,phone
TastiGo Kitchen,,https://www.tastigokitchen.com/,phone
TD Bank,https://tdbank.com,https://locations.td.com/us/2401-ponce-de-leon-boulevard-coral-gables-miracle-mile?y_source=1_MzE0ODEwNi03MTUtbG9jYXRpb24ud2Vic2l0ZQ%3D%3D,name
Taudrey,,http://www.taudrey.com/,phone
TD Bank Coral Gables Miracle Mile,https://td.com,https://locations.td.com/us/2401-ponce-de-leon-boulevard-coral-gables-miracle-mile?y_source=1_MzE0ODEwNi03MTUtbG9jYXRpb24ud2Vic2l0ZQ%3D%3D,phone
TD Wealth,,https://www.tdbank.com/investments/private-client-group/private-client-group.html?y_source=1_ODI4MDE4NS03MTUtbG9jYXRpb24ud2Vic2l0ZQ%3D%3D,phone
Technology Coast Partners LLC,,https://www.tcpamericas.com/,phone
Terrazzo Granitech USA,https://terrazzousa.com,https://terrazzo-usa.com/,name
Terra Civil Engineering,,https://terracivil.net/,phone
TeamLogic IT,,https://www.teamlogicit.com/CoralGablesFL,phone
The Biltmore Hotel Fitness Center,,https://biltmorehotel.com/wellness/miami-spa-fitness/?utm_source=google&utm_medium=organic&utm_campaign=gmb-listing,phone
The Biltmore Spa Miami,,https://biltmorehotel.com/wellness/miami-spa/?utm_source=google&utm_medium=organic&utm_campaign=gmb-listing,phone
The Blow And Glow Bar By Mlo,https://blow-and-glow-bar.square.site/,http://blowandglowbar.com/,phone
The Café at Books & Books,,http://www.booksandbooks.com/,phone
The Collection Aston Martin,,https://www.thecollectionastonmartin.com/,phone
THE COLLECTION Alfa Romeo,,https://www.thecollectionalfaromeomiami.com/,phone
The Core Dance Center,,https://www.thecoredancecenter.com/,phone
The Dazzle Nails Boutique,,http://www.dazzlenailsboutique.com/,phone
The Collection Ferrari,,https://miami.ferraridealers.com/en-US/,phone
The Dental Studio Miami,,https://thedentalstudiomiami.com/,phone
THE DRYCLEANING FACTORY,,http://www.thedrycleaningfactory.com/,phone
The Farber Law Firm,https://thegfirm.com/,https://thefarberlawfirm.com/,phone
The Empanada's South Miami,,http://www.theempanadas.com/,phone
The Fresh Market,https://www.thefreshmarket.com/my-market/store/2640south-bayshore-coconut-grove,https://stores.thefreshmarket.com/fl/miami/55,phone
THE COLLECTION Porsche,,https://www.thecollectionporsche.com/,phone
The Golden Triangle,,https://www.goldtri.com/,phone
The Gables Shop,,https://www.gablesshop.com/pages/contact,phone
The Globe,,http://theglobecafe.com/,phone
The Healing Balm Holistic Wellness Spa,,http://www.thbwellness.com/,phone
The International SeaKeepers Society,,https://www.seakeepers.org/,phone
"The Law Office of Scott A. Ferris, P.A.",,http://ferrislawfirm.com/,phone
The Men’s Room Barbershop,,https://tmrbarbers.square.site/,phone
The Market,https://www.shopsatmerrickpark.com/en.html,https://dineoncampus.com/miami,name
"The Miami Guide  Ocean Sky Media, LLC",https://themiamiguide.com,https://oceanskymedia.com/,name
The Munch by Pump & Munch,,http://www.pumpandmunch.com/,phone
The Miami Chiropractor,,https://themiamichiropractor.com/,phone
The New York Public Library Shop,,http://shop.nypl.org/,phone
The Playhouse and Biltmore School,,http://biltmoreschool.com/?utm_medium=referral&utm_source=gmb&utm_campaign=lnk-gmb,name+zip
The Peacemaker,,http://www.thepeacemakerstudio.com/,phone
"The Psychology Team of South Florida, P.A.",,http://www.thepsychologyteam.com/,phone
"The Ritz Carlton of Coconut Grove, Miami",https://ritzcarlton/coconutgrove.com,https://www.ritzcarlton.com/en/hotels/miarz-the-ritz-carlton-coconut-grove-miami/overview/?scid=f2ae0541-1279-4f24-b197-a979c79310b0,phone
The Sanchez Team – Coral Gables Real Estate Agents | Douglas Elliman,,https://www.sanchezteamre.com/?utm_source=GMB&utm_medium=organic&utm_campaign=coralgables_gmb,phone
The Spa at Loews Coral Gables,,https://www.loewshotels.com/coral-gables/discover/spa-fitness,phone
The Spot Barbershop - Coral Way,,https://thespotbarbershop.com/locations/coral-way/,phone
The Spot Barbershop - Ponce,,https://thespotbarbershop.com/locations/ponce/,phone
The Spot Barbershop - Merrick Park,,https://thespotbarbershop.com/locations/merrick-park/,phone
The Well Groomed Gentleman - Barbershop,,https://thewellgroomedgentleman.com/,phone
"THesis Hotel Miami Coral Gables, Curio Collection by Hilton",https://thesishotelmiami.com,https://www.hilton.com/en/hotels/mialtqq-thesis-hotel-miami-coral-gables/?SEO_id=GMB-AMER-QQ-MIALTQQ,phone
Thomas Keane Financial,,http://www.thomaskeanefinancial.com/,phone
Thesis Hotel Miami Coral Gables,,https://www.hilton.com/en/hotels/mialtqq-thesis-hotel-miami-coral-gables/?SEO_id=GMB-AMER-QQ-MIALTQQ,phone
THR33FOLD,,http://www.thr33fold.com/?utm_source=google-maps&utm_medium=organic,phone
Thorn,http://thorn.xyz/,http://thornmiami.com/,phone
Tiffany & Co.,,https://www.tiffany.com/stores/en/united-states/coral-gables-village-of-merrick-park-106?local=true&y_source=1_MTc5OTU0Ny03MTUtbG9jYXRpb24ud2Vic2l0ZQ%3D%3D,phone
Tijon Miami,https://tijonmiami.com,https://tijon.com/pages/miami,name
Threefold Cafe,,http://www.threefoldcafe.com/,phone
Tina in the Gables,,http://www.tinainthegables.com/,phone
The Retail Outsource,,http://theretailoutsource.com/,phone
Tire Kingdom,https://www.tirekingdom.com/store/6076/miami-fl-33135-4620,https://www.mavis.com/locations/miami-8th-ave-fl/?utm_source=yext&utm_medium=organic&utm_campaign=gmb&stnum=4089,name
THesis Hotel Miami,https://thesishotelmiami.com,https://www.hilton.com/en/hotels/mialtqq-thesis-hotel-miami-coral-gables/?SEO_id=GMB-AMER-QQ-MIALTQQ,phone
Thrive Yoga Miami,,http://thriveyogamiami.com/,name
Tires King of Miami 2,,https://www.tireskingofmiami.com/,phone
Tires Plus,,https://www.tiresplus.com/florida/miami/3820-bird-rd/?utm_source=google&utm_medium=organic&utm_campaign=localmaps&cmp=oloc_google_localmaps_maps,phone
Titanic Brewery & Restaurant,,https://www.titanicbrewery.com/?y_source=1_MjAzNTc5OTY4OC03MTUtbG9jYXRpb24ud2Vic2l0ZQ%3D%3D,phone
Tinta Y Cafe - Coral Gables,,http://tintaycafe.co/,phone
Together for kids USA,,http://www.togetherforkidsusa.com/,phone
Torre Construction & Development,,http://www.torrecompanies.com/,phone
Tony’s Vehicle Solutions,,https://tonyvehiclesolution.com/,phone
Total Wine & More,,https://www.totalwine.com/store-info/florida-kendall/922?cid=referral:website_link::momentfeed:922_kendall_store_details_page:,phone
Toma Head Spa,,https://tomaheadspa.net/,phone
Touzet Studio Architecture & Interior Design,,https://touzetstudio.com/,phone
Towerz Nails & Spa Coral Gables,,http://www.towerznailsspa.com/,phone
Trax,,https://www.trax.aero/,phone
TREMGroup | Real Estate Marketing Agency,,https://www.tremgroup.com/?utm_campaign=gmb,phone
Tom Thumb,https://www.mytomthumb.com/,https://kentkwik.com/tom-thumb/,phone
Truffle Temptations,https://thetruffletemptations.com,https://www.thetruffletmeptations.com/,phone
UBS Financial Services Inc.,,https://local.ubs.com/floridainternationalmarket/?utm_source=Yext&utm_medium=GMB&utm_campaign=174654&y_source=1_MjAwOTY5NjctNzE1LWxvY2F0aW9uLndlYnNpdGU=,phone
Turbo Workface,https://turboworkforce.com,https://turboworkforce.ai/,name
TYLin,,http://www.tylin.com/,phone
U Auto Lease,,https://uautolease.com/?utm_source=google&utm_medium=organic&utm_campaign=gmb-listing&utm_content=coral-gables,phone
Two Sisters Restaurant,https://hyatt.com,http://coralgables.hyatt.com/en/hotel/dining/TwoSistersRestaurant.html,name
UHealth Dermatology Coral Gables,,https://umiamihealth.org/en/locations/uhealth-dermatology-coral-gables,phone
United Architects,,http://www.unitedarchitectsinc.com/,phone
Universal Seat Covers,,http://universalseatcovers.com/,phone
University of Florida,https://ufl.edu,http://www.miami.edu/,name
Trusted Electrical Solutions,,https://www.trustedelectricalsolutions.com/,phone
Urben Gifts & Gadgets,,http://shopurben.com/,phone
UrbanChill AC Repairs Coral Gables,,https://coralgables.urbanchill.net/location/ac-repairs-in-coral-gables-your-ultimate-guide,phone
UVA Gallery,,http://www.uvagallery.com/,phone
Uva Wines & Spirits,,http://www.uvawines.com/,phone
Vali Spa Coral Gables,,http://www.valispa.com/,phone
USA Sports Therapy Coral Gables,,https://usasportsmedicine.com/locations/coral-gables?utm_source=google&utm_medium=organic&utm_campaign=gbp_listing,phone
Valley National Bank,https://valley.com,https://locations.valley.com/fl/coralgables/valley-bank-265.html,phone
Valero,https://locations.valero.com/en-us/LocationDetails/Index/2200-SW-27TH-AVE/0000012000,https://www.valero.com/,phone
Vantage Communications,,https://www.vantage-communications.com/,phone
Vanderbilt Avenue Wine Merchants,,http://www.vwm.wine/,phone
Vapor Shark,https://vaporsharkdoral.com/,https://www.vaporshark.com/locations?utm_source=Local&utm_medium=organic&utm_campaign=gmb&utm_content=SW40thStreetMiami,name
Venetian Nail Spa Coral Way,,https://screenshot.googleplex.com/9cbwMfafqenBc3V,phone
Veridian,https://hancockaskew.com,https://www.veridianhq.com/,name
Vibronics,,https://vibronicsstudio.com/,phone
VIM Wealth Management,https://vimwealthmanagement.com,https://pwmcg.com/,name
Vina + Company CPAs,,https://www.vinacpa.com/,phone
Vince,,https://www.vince.com/storelocator,phone
Violetas Lifestyle & Home,,https://www.violetashomedesign.com/?utm_source=local&utm_medium=organic&utm_campaign=gmb,phone
VisQuanta,,https://www.visquanta.com/,phone
Vivify Chiropractic,,http://www.vivifymiami.com/,phone
Vicky Bakery University of Miami,,https://vickybakery.com/university-of-miami/,phone
Waxxed Sports Cards,,https://www.triplecards.com/,phone
Wellness Pro Team,,http://www.wellnessproteam.com/,phone
west elm,,https://www.westelm.com/stores/us-fl-miami-downtown-dadeland/,phone
"Werner, Hoffman, Greig & Garcia",,https://wernerhoffman.com/coral-gables-injury/?utm_source=GBP&utm_medium=GBP&utm_campaign=GBP_Coral_Gables&utm_id=GBP_Coral_Gables,phone
West Street Wine & Spirits,,https://www.weststwine.com/,phone
Western Union,https://location.westernunion.com/us/fl/miami/4652c4ff15ba4ec390c46bf364ee9840,https://www.westernunion.com/,name
"William Hamilton Arthur Architect, Inc. (WHAA)",,http://whaiv.us/,phone
Westchester Regional Library,,https://mdpls.org/branch-westchester-regional,phone
Williamsburg Therapy Group Brooklyn,,https://williamsburgtherapygroup.com/brooklyn-ny?utm_source=gmb_listing&utm_medium=organic&utm_campaign=gmb-profile,phone
Wolfe's WINE Shoppe,,http://www.wolfeswines.com/,phone
WorkInjuryRights.com,,https://workinjuryrights.com/coral-gables/?utm_source=google&utm_medium=organic&utm_campaign=gbp_coral-cables,phone
Xmart Power Electric,,https://xmartpower.com/,phone
Yaribarber,,http://cuttalentbarbershop44.booksy.com/,phone
Yard House,,https://www.yardhouse.com/locations/fl/coral-gables/coral-gables-merrick-park/8323?cmpid=br:yh_ag:ie_ch:loc_ca:YHGMB_sn:gmb_gt:coral-gables-fl-8323_pl:locurl_rd:1021,phone
Yoga Joint Coral Gables,,https://www.yogajoint.com/,phone
YogaInTheGrove,,https://yogainthegrove.org/,phone
Your Marketing Agency,,https://yourmarketingagency.com/,phone
Yuly Barbershop and Men's Grooming,https://www.instagram.com/yulybarbershopandmensgrooming?igsh=bGRkZzljNHF1Nm5j&utm_source=qr,https://www.vagaro.com/yulybarbershopandmensgrooming?utm_source=Google&utm_id=LMS,phone
"Zafar Francuz & Company, LLC",https://zafarcpas.com,http://zafarfrancuz.com/,name
Zambrano Orthodontics,https://miamidadeorthodontist.com/,https://www.zambranoortho.com//?,name
ZenHair,,http://www.zenhairbeautysalon.com/,phone
Zyscovich Architects,https://zyscovich.com,https://www.stratusteam.com/,phone
Zipcar,,http://www.zipcar.com/,phone
Zitz Sum,,http://www.zitzsum.com/,phone
