business_name,current_website,maps_top_result
17 Real Estate Brokers,http://www.gravityrealestate.com/,Gravity Real Estate | Top Miami Realtors
& son,http://www.acehardware.com/store-details/06198?utm_source=google&utm_medium=local&utm_campaign=localmaps&utm_content=06198,Sun & Sons
19th Hole Sports Bar & Grill,http://www.sfwio.com/,19th Hole Bar & Grill
305 Hive(R) Media,https://305hive.com,305 Hive
305 Senior,http://www.palacecoralgables.com/,The Palace at Coral Gables
450Gradi Miami Italian Restaurant,http://enzos-miami.com/,450Gradi Miami
Aflac,https://www.aflac.com/agents/marco_erazo.aspx,Aflac Miami Regional Office
"Agave Plaza Trustee, LLC",https://agaveholdingsllc.com,The Plaza Coral Gables
AI Digital,https://aidigital.com,America Digital
AJP Ventures Corp.,https://websites.vertilinc.com/ajpcam,AJP Management
Alianza Strategies,http://www.alianzalawfirm.com/contact.html,alianzalawfirm
Acentria,https://acentria.com,Acentria Insurance
"Alice Bravo & Assoc., LLC",https://alicebravo.com,Alpha Bravo Development LLC
AllianzTrade,https://allianztrade.com,Allianz Trade US (Florida Office) - Trade Credit Insurance
Allied North America Insurance Brokerage Of FL LLC,https://nsigroup.org/contact/coral-gables-fl-insurance/,AmWINS Brokerage of Florida - Delray Beach
Aleida Martinez Family Day Care Center,http://www.schneidereyecenter.com/,Martinez Family Daycare Home
American Airlines,https://aa.com,901 Ponce de Leon Blvd
"Ana B. Garcia, CPA",https://anabgarciacpa.com,"Ana B. Garcia, CPA, MSA, CTP"
Animal Clinic 8 & 43,https://vcahospitals.com/south-dade?utm_source=maps&utm_medium=organic&utm_campaign=AU_1058,VCA South Dade Animal Hospital
Anthony R. Abraham Foundation,https://abrahamfoundation.com,Coral Gables Community Foundation
Anthem Advisors,http://www.cflgcpa.com/,8950 SW 74th Ct Ste 1210
Arthur J. Gallagher,https://ajg.com,"Gallagher Insurance, Risk Management & Consulting"
ArX Creative,https://arxcreative.com,ArX Solutions
Anne Rezac Design,https://annerezac.com,Errez Design
Attractions,https://fairchildgarden.org,Coral Gables Museum
Audio Visual Company,https://showtechinc.com,Audio Visual Services
Audrey Ross Team  Compass Florida,https://miamirealestate.com,The Audrey Ross Team
Aurora Medina Family Day Care Home,https://ornatehome.com/?utm_source=google&utm_medium=GBP&utm_campaign=charlottelocal,"Miami, FL 33133"
"Avante Insurance Group, LLC",https://avantenea.com,Avante Insurance Agency
Avis,https://www.avis.com/en/locations/us/fl/coral-gables/lhcgf,Avis Car Rental
Bacardi USA,https://bacardi.com,Bacardi
Bank of America,https://bankofamerica.com,Bank of America (with Drive-thru ATM)
BankMiami,https://pichinchamiami.com/,Banco Del Pichincha-Miami Agency
Baptist Health South Florida,https://baptisthealth.net,Baptist Health South Florida - Corporate Offices
Bean Automotive Group Lexus of Kendall/Kendall Toyota,https://beanauto.com,Kendall Toyota
Barrington Academy,http://www.barringtonacademy.com/,Acton Academy Miami South
Bevi,https://bevi.co,Beve
Better Business Bureau Serving SE Florida & the Caribbean,https://bbb.org,"BBB, SE Florida & the Caribbean"
BG Integrative Studio,https://bgmedtattoo.com,BG Integrative Studio | Medical Tattoo Clinic
"Bioseafood, LLC",https://bioseafoodllc.com,10711 SW 104th St
Bioenergy Wellness South Miami,https://bioenergywellnessmiami.com,"Aventura Reiki, Chakra Bio Well Quantum Therapy Miami"
Blacklane,https://blacklane.com,Black Car Service Miami
Bladen Builders Supply,https://www.doitbest.com/bladen-builders-supply,Coastal Build Supply
"Blanco Law Firm, PLLC",https://blancointl.com,Blanco Immigration Law Center
Blare Media,https://blaremedia.net,Blare Films Arizona
Blue Columbia Holdings,https://lexreception.com,VUMI Group
BMS Insurance Agency of Florida LLC,https://agroupservices.com/?utm_source=google&utm_medium=local&utm_campaign=google-local-72420,Gables Elite Insurance Inc
Bob's Watches,https://www.bobswatches.com/rolex/miami,Bob's Watches Miami - Sell Rolex
"Blueprint IT Consulting, LLC",https://blueprintitconsult.com,"Blueprint Learning Group, Inc."
Bojangles,https://locations.bojangles.com/nc/durham/5425-s.-miami-blvd.-719.html,Coral Gables
Bolivar & Humboldt,http://www.bolivarmiamibeach.com/,Bolivar colombian restaurant bar lounge
Boo Zamek,https://compass.com/agents/provincezamek,Berkshire Hathaway HomeServices EWM Realty
Borbolla Insurance Agencies Inc,https://agents.allstate.com/borbolla-insurance-agencies-inc-coral-gables-fl.html?utm_source=GMB&utm_medium=Website,Borbolla Insurance Agencies Inc: Allstate Insurance
Bowden Wealth Management Group at Bank of America / Merrill Lynch,https://advisor.ml.com/sites/fl/miamibrickell/bowdenassociates,Coral Gables
BrightView Landscape,https://brightview.com,Brightview
Brown & Brown RS Insurance Services LLC,http://bbrown.com/,Brown & Brown
BrownForman Beverages,https://bf.com,Coral Gables
Breakthrough T1D,https://breakthrought1d.org,Coral Gables
Bust of Jose Marti,https://baptisthealth.net/doctors/Alejandro-Jose-Centurion/870218?utm_source=yext&utm_medium=google&utm_campaign=listing&y_source=1_MTczMDE4NTgtNzE1LWxvY2F0aW9uLndlYnNpdGU%3D,Freedom Plaza and José Martí Monument
Brown & Brown Insurance Services Inc.,https://bbrown.com,Brown & Brown Ins of Miami Dade
Caballero Rivero Dignity Memorial,https://dignitymemorial.com/funeralhomes/florida/miami/caballeroriverowestchester/9550,Caballero Rivero Little Havana
Cabanas Consulting,https://cabanasconsulting.com,Cabanas & Associates PA
Camner Center for Resources,http://www.miami.edu/,Richter Library
Catering,https://theboardmiami.com,Whisk Gourmet Food & Catering
ChargePoint,https://www.chargepoint.com/,ChargePoint Charging Station
Chase,https://locator.chase.com/fl/miami/2209-sw-37th-ave,Chase Bank
Cheil/Team Uno,https://cheil.com,Cheil Miami
City of Coral Gables,https://coralgables.com,"Miami, FL 33134"
Club eXpats  Feria de Sevilla en Miami Event,https://clubexpats.com,Seville
Citibank,https://www.citi.com/?utm_source=gmb&utm_medium=yext&y_source=1_Mjg5MTY4MDItNzE1LWxvY2F0aW9uLndlYnNpdGU%3D,Citi
Co Underscore,https://counderscore.com,Co Underscore - Coral Gable's Applied Artificial Intelligence Firm
City Permit,https://citypermit.us,City of Coral Gables Building Department
Coach Ron Fraser,http://www.coach.com/,342 San Lorenzo Ave
Coblan Italian Kitchen Store,https://coblanstore.com,Coblan Store
Colliers International,https://colliers.com,Colliers
Comic Kids,https://comickids.org,A & M Comics & Books
Constellation Group,https://groupconstellation.com,Constellation
Consulate of Hungary,https://washington.mfa.gov.hu/page/consulates,Vice- Consulate of Hungary / Magyarország Alkonzulátusa
Coral Gables Magazine,https://coralgablesmagazine.com,Biltmore Hotel Miami Coral Gables
Coral Gables Lodge No. 260,https://coralgablesmason.org/,Coral Gables Masonic Lodge No.260 F&AM
Coral Gables Professional Firefighters Assn.,https://local1210.com,Coral Gables Fire Department
"Crawford Real Estate Holdings, LLC",https://crawfordrealestateholdings.com,"Crawford & Company Real Estate Services, LLC"
Craft With A Purpose,https://craftwithapurpose.com,CRAFT Coral Gables
"Cueto Law Group, P.L.",https://cuetolawgroup.com,Business Lawyer Miami - Cueto Law Group
Cushman & Wakefield,https://cushmanwakefield.com,Cushman & Wakefield - Commercial Real Estate Services
CVS Pharmacy,https://www.cvs.com/store-locator/coral-gables-fl-pharmacies/1160-s-dixie-hwy-coral-gables-fl-33146/storeid=4059,CVS
Debowsky Design Group,https://debowsky.com,S B Architects / 10design
Dean of Students Office,https://doso.students.wisc.edu/,University of Miami Student Center Complex
Delgado Garcia Communications,https://dgcommunications.com,5880 SW 46th Terrace
Delta Air Lines,https://delta.com,Delta Sky Club
Designhouse,https://designhouseagency.com,Design House Associates
Digital Radiology Inc.,https://lifeimagingfla.com/contact/?utm_source=gmb_auth,Life Imaging Miami
DMG Corporation,https://giovannymadridfr.com,dmg Martinez Group
Double C,https://doublec.com,Mr. C Miami Coconut Grove
Door Dash,https://doordash.com,DoorDash Driver Support Center
"Easescreen America, LLC",https://easescreen.com,American Screen Corporation
Drury Law Firm,https://drurypa.com,1200 Anastasia Ave #240
Ecig Shop Miami,http://ecigshopmiami.com/,The Plug Smoke & Vape Shop
Edward Beiner Eyewear at CocoWalk Coconut Grove,http://www.edwardfisherdmd.com/,Edward Beiner Eyewear on Sunset Drive in South Miami
Edward Bernier,https://www.edwardbeiner.com/boutiques/coconut-grove/,Edward Jones - Financial Advisor: Nicolas Eterovic
El Shaddai Skincare Day Spa,http://www.elshaddaiskincaredayspa.com/,ISHA Beauty & Wellness Coral Gables - Facials & Body Treatments
Eliptek Technology Group,https://eliptek.com,The UPS Store
Erica Simons,https://www.drsimonplasticsurgery.com/,Dr. Sean Simon MD
Erin Anding,https://erinhuyler.ewm.com/,Berkshire Hathaway HomeServices EWM Realty
"Estetica Le Fate, LLC",https://lefatespa.com,Estetica Le Fate skincare&body&nails&JapaneseHeadSpa
Esthetique Spa,http://www.skintiquemiami.com/,City Esthetic
Eutelsat Americas Miami,http://www.eutelsat.com,America Digital
Extensis HR,https://extensishr.com,Coral Gables Human Resources
Explore Foster Miami,https://explorefostermiami.com,Our Kids Of Miami-Dade/Monroe
"Fantasy, 1958",http://www.citybeautiful.net/,"Miami, FL 33146"
FCC USA (Soccer for Peace Foundation),https://fcc.futbol/usa,405 University Dr
FIBA (International Basketball Federation),https://fiba.basketball,FIBA - Financial & International Business Association
Fintech Espresso,https://fintechespresso.com/,4100 Salzedo St Apt 5
First United Methodist Church of Miami,https://firstchurchmiami.org,First United Methodist Church of Coral Gables & The Growing Place School
Flor de Flamenco,https://flordeflamenco.com,Cava Restaurant
Florida International University,https://fiu.edu,11200 SW 8th St
Florida State Day Celebrations Inc.,https://floridastateday.com,The Club of Knights
Flowers & Services,http://www.bfleur.com/,Flowers At The Gables
Fluentica,https://fluenticanyc.com,Coral Gables
"Fohhn Audio Americas, LLC",https://fohnn.com,2960 Ponce de Leon Blvd
Fortun Insurance,http://www.oneinsuranceservices.com/,"One Insurance Services, LLC."
Frank Rolfes,http://www.rascoklock.com/,Rasco Klock
Freddo Traditional Gelato,https://freddo.com,Freddo Coral Gables
Fontana Ristorante,https://biltmorehotel.com/coralgablesdining/fontana,Fontana Italian Biltmore Hotel Miami
Friends of The Underline,https://theunderline.org,The Underline
Friends of Gables High,https://friendsofgableshigh.org,Coral Gables High School
Frost Science Museum,https://frostscience.org,Phillip & Patricia Frost Museum of Science
Full-service construction company O'Hara Landscape and Maintenance Inc,https://oharalandscape.com,"Miami, FL 33146"
Gables Good Government Committee,https://gablesgoodgovernment.org,Coral Gables Chamber of Commerce
"Gables Miracle Mile, LLC (Terranova Corp)",https://terranovacorp.com,Title On The Mile LLC
Garbage Collection,https://wm.com,Dade County Solid Waste Transfer
Genuine Pizza,https://www.pummarola.us/,Verace Artisan Pizzeria
Gerson & Schwartz P.A,https://www.injuryattorneyfla.com,Gerson and Schwartz Accident & Injury Lawyers
Get Redd Foundation & Consulting,https://getredd.org,Coral Gables Community Foundation
Gift Shop,https://mystichealing.com,Coco Bella Gift & Home
Global Business Brokers  KW Business,https://globalbusinessbroker.com,Global Business Brokers
Glory House of Miami,https://gloryhouseofmiami.org,Latter Glory House
Global Wellness Hub,http://www.hydrologywellness.com/?utm_source=gmb&utm_medium=organic,Hydrology Wellness
Golden Touch Barbershop & Salon,http://thisisgoldentouch.com/,Golden Touch Haircuts & Blowdry
Golin,https://golin.com,Golin MIA
"Goldman Sachs 10,000 Small Businesses at Miami Dade College",https://mdc.edu/10ksb,Goldman Sachs & Co
Goodwill,https://www.goodwillsouthflorida.org/,Goodwill - Miami/Bird Road
Graduate School,https://www.grad.miami.edu/,1551 Brescia
Green Goddess Public Relations,https://greengoddesspr.org,Cultivate PR & Social Media | a Sissy DeMaria + Stos agency
Graziano's in the Gables,https://grazianosgroup.com,Graziano's Mercado Coral Gables
"Grover Winston Insurance Group, LLC",https://wyninsurance.com/,wyn insurance
Gulliver Preparatory School,https://gulliverprep.org,Gulliver Prep | Upper School Campus
Gustave,https://www.babettemiami.com/,"Miami, FL 33134"
Hank Langston,http://www.citybeautiful.net/,Coral Gables
Hard Rock Stadium,https://hardrockstadium.com,Miami Stadium
HART,https://lanedds.com/our-doctors/dr-tyler-hart/,Sanchez & Hart Inc
"Hemisphere Law, P.A.",https://hemispherelawpa.com,"Sanchelima & Associates, P.A."
Historical Sites,https://coralgables.com,Alhambra Water Tower
"HGIT Coral Gables, LLC",https://gablesstation.com,Gables Global Investments LLC
I Shine 365,https://ishine365.com/,Las Brisas Hand Car Wash
ICR Advisors,https://miamiliferealestate.net,ICR Capital LLC
ICS Creative Agency,https://icscreativeagency.com,ICS Infinity Creative Agency
Home Instead Senior Care,https://homeinstead.com/364,Home Instead
"InmigranHelp Multiservices, LLC",https://inmigranhelp.com,Help Me Multi Services
Inspyre Payments,https://inspyrepay.com,6355 NW 36th St #408
"Insigneo Securities, LLC",https://insigneo.com,"Insigneo Financial Group, LLC"
Integrity Wealth Advisory of Janney,https://integritywealthadvisoryjanney.com,Raymond Sardina - Raymond James
Interface Consulting and Psychological Services,https://icpstherapy.com,Miami Counseling & Resource Center
Ismael Cala Foundation,https://calafoundation.org,CALA CENTER
Ivette ODoski Consulting,https://velizlaw.com/?utm_source=GBP&utm_medium=GBP&utm_campaign=GBP_Coral%20Gables&utm_id=GBP_Coral%20Gables,"Veliz & Associates P.A., an Estate & Legacy Planning Firm"
"J. Muir & Associates, P.A.",https://miamibusiness.law,J Muir & Associates - Miami Business Law Firm
Jackson Health System,https://jhsmiami.org,UHealth Jackson Urgent Care | Coral Gables
J. Wilcox Consulting,https://jwilcoxconsulting.com,Game Properties Inc.
Joan Reitsma,https://gablesfoundation.org/,Coral Gables Community Foundation
Jorge Enterprises GC - Construction,https://je-gc.com/,GCA Inc
Jolt Charge Inc.,https://joltcharge.com,Ten Aragon Condominium
Jeweler's Gold and Gifts,https://amauryjewelry.com/,Mega Gold Jewelry
Jose Milton Foundation,https://miltonphilanthropy.org,J. Milton & Associates
Kazmalaje,https://kazmaleje.com,2610 Ponce de Leon Blvd
Keik Bakeshop,https://keikbakeshop.com,Keik Restaurant
KeyBank,https://www.key.com/locations/NY/Suffern/BRCH32900460/59-Route-59?ppc=cmpgmb,Coral Gables
Kaufman Dolowich,https://kaufmandolowich.com,"Law Offices of Ronald E. Kaufman, P.A."
Keller Williams,https://kellerwilliams.com,Keller Williams Capital Realty
L'Amour Boutique,https://lamourspafl.com/?contact_posted=true#ContactForm-AcDc2d2N4VDc4MUxpc__contact_form_3BFzBK,L'amour
"LAG REALTY INTERNATIONAL, S. A.",https://laglex.com,The Lani Group at Lowell International Realty
La Rosa Restaurant,https://larosagastrobar.com,La Rosa Gastrobar
Lakeside Patio Stage,http://www.gablestage.org/,1200 Anastasia Ave #230
Large Metal B,http://hqdtechusa.com/,Lucky's Vape & Smoke #2
"Laura L. Russo, Esq. LLC",http://www.rexrussolaw.com/contact.html,Law Office of Laura M. Menchero
Le Parc Cafe,https://www.coralgablescountryclub.com/leparc-caf%C3%A9,"Le Parc-Bonjour, Café Bistro"
Leasing Office - District West Gables,https://solenawestmiami.com/?utm_source=gmb&utm_medium=organic,District West Gables
Legends  Miami Hurricanes,https://miamihurricanes.com,University of Miami Hurricane Club
Liberty Health Sciences,https://www.libertyhealthsciences.com,"University of St. Augustine for Health Sciences - Miami, FL"
Little Local,https://littlelocal.co,Veganlitaly - 100% plant-based restaurant
Llakhdar Coaching,https://lakhdarcoaching.com,Lance Mikkel Life Coach
Longevity PR Agency,http://www.longevitymedia.co/,Longevity Media
Ludo's,http://www.ludosristorante.com,Ludo's Catering
Los Ranchos Coral Gables,https://losranchossteakhouse.com,Los Ranchos Steakhouse
Made In Miami,https://drmiamimd.com,Mamey Miami
Maman Coffee Bakery Kitchen,https://mamannyc.com/locations/coral-gables,maman
Major Food Group | Sadelle Restaurant,https://majorfood.com,Sadelle's Coconut Grove
Marbella Perfumes,https://marbellaperfumes.com,Tijon Miami
Marriott International  CALA Development,https://marriott.com,Marriott's Villas at Doral
Mariner Wealth Advisors,https://marinewealthadvisors.com,Mariner
Mazdi | Omnicultural Marketing Agency,https://mazdi.us,Socially Intuit
McGuire Woods,https://mcguirewoods.com,Taylor Woods
MDCPS Office of Community Engagement,https://engagemiamidade.net,University of Miami Dooly Memorial
Mera Photography,https://portraitsbymera.com,Murnor Studio
"Mercantile Europarts, Inc.",http://meuroparts.com,Mercedes-Benz of Coral Gables Parts Department
Miami Herald,https://miamiherald.com,Miami Herald Distribution Center S1
Miami Marlins,https://marlins.com,LoanDepot Park
MiamiCFO,https://miamicfo.com,4000 Ponce
MiamiDade County | Transportation Trust,https://miamidade.gov/citt,Coral Gables Trolley Maintenance
Mitchell Hardware,http://mitchellhardwarenewbern.com/,Mitchell's Welding & Machine
Mon-Sat Royal Vet,https://royalvet.com,Coral Gables Animal Hospital
Montes de Oca,http://www.primecare1.com/,"Jenny C. Montes De Oca Pineda, MD - PrimeCare of Coral Gables"
Morgan Stanley Wealth Management,https://morganstanley.com,Morgan Stanley Financial Advisors
New Edge Associates,https://newedgeassociates.com,NewEdge Wealth
New York Life,https://newyorklife.com/agent/rpaz01,New York Life Insurance Company
Office of the Supervisor of Elections,http://www.miamidade.gov/elections/,Miami-Dade County Supervisor of Elections Office
OptFirst Inc.,https://optfirst.com,OptFirst Internet Marketing
Orion Mart,https://hannatiger.com/,Verizon
OYA.health,https://oya.health,Oya Wellness
Palme d'Or,https://www.biltmorehotel.com/dining/palme_dor/?utm_source=local&utm_medium=organic&utm_campaign=gmb,Palme d'Or Restaurant Biltmore Hotel Coral Gables
Pangaea Exploration,https://www.panexplore.com/,Panexplore
OYO Hotel Coral Gables - Miami Airport,https://www.oyorooms.com/us/103476/?utm_source=GMB&utm_medium=Organic&utm_campaign=US_MAI004,Gables Cove Hotel
Papa John's,https://locations.papajohns.com/united-states/fl/33155/miami/6701-bird-road,Papa Johns Pizza
Party City,https://stores.partycity.com/us/fl/southmiami/party-store-pc558.html,Party City at Staples
Pause Studio Coral Gables,https://pausestudio.com/coralgables,Pause Coral Gables
Pan American Institute,https://www.panamacademy.com/,Biscayne National Park Institute at Coconut Grove
"Pena Garcia & Diz, PLLC",https://pgdlegal.com,"Pena Law Office, P.A"
Perron & Company,https://perronandcompany.com,2020 Ponce de Leon
PerformanceREWIRED,https://jeskabrodbeck.com,1526 Ponce de Leon Blvd
Peter T. Mavrick Law,https://www.mavricklaw.com/?utm_source=google&utm_medium=local,Mavrick Law Firm
Phillip Morris International,https://pmi.com,Coral Gables
Pibank USA,https://pibank.com,Pacific National Bank
Pink Luminous Advocacy Project,https://luminousadvocacyproject.com,Pink Luminous Breast
Pisco y Nazca Coral Gables,https://piscoynazca.com/coralgables,Pisco y Nazca Ceviche Gastrobar
Premia Global Advisors,https://premiaglobaladvisors.com,"Premia Global Advisors - US, Expat and Global Pension Financial Planning"
"Powering Elite Performers, LLC",https://us.shaklee.com/en_US/kensmith,Elite U Sports Performance
Primary Care,https://onemedical.com/locations/mia/coconut-grove?y_source=1_MTA1Mzk0OTQzOC03MTUtbG9jYXRpb24ud2Vic2l0ZQ%3D%3D,One Medical Primary Care Clinic - Coconut Grove
Professional Building Solutions,https://probuildingsvcs.com/,Crawford Development LLC
PROMEXICO / Mexico's Trade & Investment Comm.Miami,https://gob.mx,Consulado General de México en Miami
PROWORK US  Multinational Talent Acquisition Company,https://prowork.us,ProStaff Services USA
Publix,https://www.publix.com/locations/51,Publix Super Market on S Le Jeune Rd
Quest Workspaces,https://questworkspaces.com,Quest Workspaces 121 Alhambra
QuickChek,http://quickchek.com/,Coral Gables
RazzleDazzle BarberShop,https://www.razzledazzlebarbershop.com/,RAZZLEDAZZLE Barbershop 392 Miracle Mile Coral Gables
Ramhofer Garcia,https://ramhofergarcia.com,133 Grand Ave B
Recycling,https://wm.com,Environmental Services Recycling
Regis Remote Office Solutions,https://regisro.com,Regus - Coral Gables - Columbus Center
Resident Member,https://www.lifetime.life/locations/fl/coral-gables.html?utm_source=google&utm_medium=local&utm_campaign=google-local-club,Life Time Work
Richards Legal Group,https://richpa.net,"Richard L. Richards, Aviation Attorney"
Roberto Garcia New York Life,https://newyorklife.com,"Roberto Garcia, Financial Services Professional - New York Life"
Ronald Jakubisin & Associates,https://jakubisin.net,Feurtado James D
Roofing Company,https://greenhomeroofinginc.com,Florida Roofing Systems
Roto-Rooter,https://rotorooter.com,Roto-Rooter Plumbing & Water Cleanup
Royal Ballet Miami Corporation,https://miamiroyalballet.com,Miami Royal Ballet Dance School
Robert M. Levy & Associates,http://www.levylawgroup.com/contactus.html,Levy Law Group
Ryder System Inc.,https://ryder.com,Ryder Corporate Headquarters
Russell Capital Group,https://rcgmortgage.com,Russell Capital Management
RZone Fitness Coral Gables,https://www.rzonefitness.com/coral-gables/?utm_source=GMB&utm_medium=Organic&utm_campaign=Coral+Gables,RZone Fitness Coral Gables | Women's Fitness Studio
S. Pellegrino & Acqua Panna,https://www.camilaspatisserie.com/,Camila's Patisserie
School of Education and Human Development,https://www.edu.miami.edu/,University of Miami School of Education
Semillitas,http://www.citybeautiful.net/,Semillitas de vida Preschool
Senior Living,https://belmontvillage.com,The Palace at Coral Gables
Service Keepers,https://servicekeepers.com,"Service Keepers Maintenance, Inc."
SerpGuru,https://serpguru.io/,Bulla Gastrobar
"Since 2012, no contract ICS Creative Agency",https://icscreativeagency.com,Coral Gables
Skin Local,https://theskinlocal.com,SkinLocal Dadeland
Shiso Miami,https://shisomiami.com,Wynwood Event Center
SnapCrack Chiropractic & Vitamin Infusion,https://snapcrack.com,SnapCrack | 99 Dollar IV Drip
SNDWCH Sunset,https://sndwchmiami.com,Adriano's Sunset
Social Bus Company,https://socialbuscompany.com,Coral Gables Trolley Maintenance
"Sofia Coral Gables, a Luxury Rental Community",https://sofiacoralgables.com,Sofia Coral Gables Apartments
Sol Kiss Escapes,https://solkissescapes.com,Sol & Style Hair and Beauty Salon
Solid Title Company,http://www.cgtitle.com/,Coral Gables Title + Escrow LLC
Solvo Global,https://solvoglobal.com,Solvo Global Bogotá
SpotOn,https://spoton.com,The Spot Barbershop - Ponce
SportsNL / Maurice Ouderland,https://sportsnlen.com,Old Bull Athletics: 1 on 1 Personal Training and Physical Therapy at Coral Gables
State Farm,https://www.kitsiagaines.com/,Mario Obregon - State Farm Insurance Agent
Starbucks,https://www.starbucks.com/store-locator/store/1018110/292-miracle-mile-292-miracle-mile-coral-gables-fl-331345908-us,Starbucks Coffee Company
Straight 2 U Solution Services,https://s2usolutionservice.com,Straight 2 U Solution Services Recruiting & Staffing
Studio HD,https://hollyedavidson.com,Studio Chroma by Andrea Fanan
Summer Of Success,https://summerofsuccess.org,ABC for Success
Swensen's,https://www.swensensicecream.com/,Swensen's Grill & Ice Cream Parlor
Tax Collectors Office Miami Dade County,https://mdctaxcollector.gov,Tax Collector Office Dariel Fernandez
Teatro Trail,http://www.teatrotrail.com/,Teatro Trail / Trail Theater
Tete- -Tete,https://www.babettemiami.com/,La Jolla Ballroom
Tetrahelix and Son,https://www.crateandbarrel.com/stores/coral-gables/str814?utm_source=gmb&utm_medium=organic_search,Shops at Merrick Park
The Closet Boutique,https://theclosetboutique.co/,Barbara's Closet
The Clearwater Project,https://theclearwaterproject.net,Clearwater
The Franchise Tailor,https://thefranchisetailor.com,Magic Tailoring
The Combined Group Corp.,https://thecombinedgroup.com,Gables Construction Group
The Great Miami LGBTQ Chamber of Commerce,https://gogaymiami.com,Coral Gables Chamber of Commerce
The Marks Development Company,http://eigfl.com/,The Estate Companies
The Nicolas Group / Compass,https://compass.com/agents/miami/angelnicolas,The Nicolas Group
The Popok Firm,https://thepopokfirm.com,75 Valencia Ave Suite 100
The Residences at Merrick Park,https://residencesatmerrickpark.com,The Residences at Merrick Park Luxury Apartments
The Village at Coral Gables,https://thevillageatcoralgables.com,"Miami, FL 33134"
Thomas F. Daly Loggia,http://www.miami.edu/,"Miami, FL 33124"
Toy Drive 'N Events Inc.,https://toydriveandevents.com,Sonrisas Events
Travel by Design Inc.,https://travelsbydesign.net,Grupo BT Brands Travel
Trugman Valuation Associates Inc.,https://trugmanvaluation.com,Trugman Valuation
U-Haul,https://www.uhaul.com/Locations/Truck-Rentals-near-Coral-Gables-FL-33134/049471/?utm_source=gmb&utm_medium=primary&utm_campaign=uhaulsmlm&utm_content=049471,U-Haul Moving & Storage of Dadeland
UES,https://teamues.com,Loews Coral Gables Hotel
UGas,http://coral-way-u-gas.edan.io/,Coral Way U-Gas
Uni K Wax of Coral Gables,https://unikwax.com/coralgables,Uni K Wax Studio | Coral Gables
Unity,http://www.unityonthebay.org/,Temple Israel of Greater Miami
University Center Information Desk,http://www.miami.edu/,University of Miami Student Center Complex
University Baptist Child Development Center,https://baptisthealth.net/locations/rehabilitation-centers/south-miami-hospital-child-development-center?utm_source=yext&utm_medium=google&utm_campaign=listing&y_source=1_MTIwNTAzMTgtNzE1LWxvY2F0aW9uLndlYnNpdGU%3D,Bright Horizons at UM Canterbury Preschool
"UpGrade Education Solutions, LLC",https://UpGradeEducation.org,2525 Ponce de Leon Blvd Ste 300
Univision Foundation,https://univision.org,288 Aragon Ave Ste D
US Health Advisors,https://ushealthadvisor.net,USHEALTH Advisors - Mary Diorio
Vicki Lopez State Representative  HD 113,http://www.citybeautiful.net/,"Miami, FL 33134"
Vestra Consultants,https://vestraconsultants.com,Stantec
"Vintage Cars of Florida, LLC",http://www.miamivintagepropcars.com/?utm_source=google&utm_medium=wix_google_business_profile&utm_campaign=6986583761200508723,CLASSIC CARS AUTO SALE
Videoworks LLC,https://videoworks.miami,"Videoworks of Americas, Inc."
Voli 305 Vodka,https://voli305vodkashop.com,Crown Wine & Spirits
Vortex Roofing & Construction Services,https://vortexroof.com,Vortex Roofing Solutions
Volvo Bomnin,https://www.bomninvolvocarsdadeland.com/?utm_source=google&utm_medium=organic&utm_campaign=google_my_business,Bomnin Volvo Cars Dadeland
Wahlstrom Insurance Associates,https://wahlstrominsuranceassociates.godaddysites.com/,Wahlstrom Associates Inc. DBA Wahlstrom Insurance
Waste Management,https://wm.com,Dade County Solid Waste Transfer
Walgreens Pharmacy,https://www.walgreens.com/locator/walgreens-3490+bird+rd-miami-fl-33133/id=10900,Walgreens
Waymo,https://waymo.com,Gables Way Condominium Inc
"We Are Major, LLC",https://wearemajor.com,We Fix M.I.A.
Wells Fargo,https://www.wellsfargo.com/locator/bank/900__SW__57TH__AVE_MIAMI_FL_33144/,Wells Fargo Bank
Westlake Hardware,https://www.acehardware.com/store-details/18532?utm_source=google&utm_medium=local&utm_campaign=localmaps&utm_content=18532,Ace Hardware of Bird Road
Wine 41,https://wine41.com,Wine41
Winston Gables Insurance Corp,http://www.gableseliteinsurance.com/,Gables Elite Insurance Inc
WLRN Radio and Television,https://wlrn.org,WLRN Public Media
Woodlawn Park Cemetery,https://www.dignitymemorial.com/,Caballero Rivero Woodlawn North
Worksite,https://worksiteemployee.com,4000 Ponce
Women for Success Inc.,https://giveforsuccess.org,Suited for Success / Dress for Success Miami
Williamson Automotive Group,https://williamsonautomotivegroup.com,Williamson Buick GMC
Young Skin,https://youngskinmd.com,Forever Young Skin & Hair Spa #3
Zoo Attraction,https://zoomiami.org,Jungle Island
Zoo Miami Foundation,https://zoomiami.org,Zoo Miami
