business_name,phone,website,address,lat,lon,postcode,rating,review_count,category_raw,price,source
CRAFT Coral Gables,+1 786-772-6932,,,25.751515299999998,-80.25741889999999,33134,4.9,,Restaurant,None,outscraper
Bulla Gastrobar Coral Gables,+1 786-810-6215,,,25.7485084,-80.25890869999999,33134,4.9,,Spanish restaurant,None,outscraper
CVI.CHE 105 - Coral Gables,+1 786-527-3939,,,25.745869499999998,-80.2571171,33134,4.9,,Peruvian restaurant,None,outscraper
MIKA Coral Gables,+1 305-404-2200,,,25.744313299999998,-80.25810849999999,33134,4.7,,Restaurant,None,outscraper
Costazul Peruvian Cuisine,+1 786-360-3775,,,25.7511492,-80.2579305,33134,4.9,,Peruvian restaurant,None,outscraper
Doc B's Restaurant,+1 786-864-1220,,,25.7496233,-80.26085669999999,33134,4.7,,American restaurant,None,outscraper
Motek Coral Gables,+1 305-396-8547,,,25.7500425,-80.2558088,33134,4.9,,Restaurant,None,outscraper
Basilico Ristorante Coral Gables,+1 305-456-4485,,,25.7507815,-80.2590736,33134,4.9,,Italian restaurant,None,outscraper
Ró Steakhouse,+1 786-778-4158,,,25.7525203,-80.2571148,33134,4.9,,Restaurant,None,outscraper
La Rosa Gastrobar,+1 786-870-5466,,,25.7490594,-80.2622985,33134,4.9,,Restaurant,None,outscraper
Salumeria 104 - Coral Gables,+1 786-947-5342,,,25.7498307,-80.25723839999999,33134,4.8,,Italian restaurant,None,outscraper
Baires Grill - Coral Gables,+1 786-409-5121,,,25.7501958,-80.2584479,33134,4.8,,Argentinian restaurant,None,outscraper
Portosole,+1 786-359-4275,,,25.7480051,-80.2588993,33134,4.6,,Italian restaurant,None,outscraper
MesaMar Seafood Table,+1 305-640-8448,,,25.750994499999997,-80.2602553,33134,4.6,,Seafood restaurant,None,outscraper
Naked Farmer,+1 305-487-7327,,,25.751520799999998,-80.2576472,33134,4.9,,New American restaurant,None,outscraper
La Jamoteca Coral Gables,+1 305-399-9095,,,25.749776299999997,-80.2619263,33134,4.9,,Gourmet grocery store,None,outscraper
Zucca,+1 786-580-3731,,,25.7528951,-80.2585804,33134,4.6,,Italian restaurant,None,outscraper
107 Taste Asian Restaurant Coral Gables,+1 786-409-6951,,,25.7528829,-80.2619428,33134,4.9,,Asian restaurant,None,outscraper
Beauty & The Butcher,+1 305-665-9661,,,25.705030599999997,-80.2851878,33143,4.9,,American restaurant,None,outscraper
450Gradi Miami 🇺🇸,+1 786-391-1276,,,25.749444,-80.25740499999999,33134,4.8,,Italian restaurant,None,outscraper
Pura Vida Miami,+1 305-535-4142,,,25.749172299999998,-80.2596398,33134,4.8,,Coffee shop,None,outscraper
Tullio,+1 786-707-8978,,,25.7484628,-80.2581603,33134,4.7,,Italian restaurant,None,outscraper
Daniel's Miami,+1 305-912-2639,,,25.7051536,-80.2824148,33146,4.8,,Steak house,None,outscraper
Fogo de Chão Brazilian Steakhouse,+1 786-297-8788,,,25.746246199999998,-80.2579353,33134,4.8,,Brazilian restaurant,None,outscraper
Aromas del Peru,+1 305-476-5885,,,25.7512908,-80.25712229999999,33134,4.9,,Peruvian restaurant,None,outscraper
CRAFT Coral Gables,+1 786-772-6932,,,25.751515299999998,-80.25741889999999,33134,4.9,,Restaurant,None,outscraper
Beauty & The Butcher,+1 305-665-9661,,,25.705030599999997,-80.2851878,33143,4.9,,American restaurant,None,outscraper
La Rosa Gastrobar,+1 786-870-5466,,,25.7490594,-80.2622985,33134,4.9,,Restaurant,None,outscraper
CVI.CHE 105 - Coral Gables,+1 786-527-3939,,,25.745869499999998,-80.2571171,33134,4.9,,Peruvian restaurant,None,outscraper
Daniel's Miami,+1 305-912-2639,,,25.7051536,-80.2824148,33146,4.8,,Steak house,None,outscraper
Bulla Gastrobar Coral Gables,+1 786-810-6215,,,25.7485084,-80.25890869999999,33134,4.9,,Spanish restaurant,None,outscraper
Doc B's Restaurant,+1 786-864-1220,,,25.7496233,-80.26085669999999,33134,4.7,,American restaurant,None,outscraper
MIKA Coral Gables,+1 305-404-2200,,,25.744313299999998,-80.25810849999999,33134,4.7,,Restaurant,None,outscraper
Salumeria 104 - Coral Gables,+1 786-947-5342,,,25.7498307,-80.25723839999999,33134,4.8,,Italian restaurant,None,outscraper
Baires Grill - Coral Gables,+1 786-409-5121,,,25.7501958,-80.2584479,33134,4.8,,Argentinian restaurant,None,outscraper
Luca Osteria,+1 305-381-5097,,,25.7512048,-80.2572007,33134,4.5,,Italian restaurant,None,outscraper
Ventanas Restaurant Bar & Lounge,+1 786-353-9460,,,25.7351729,-80.25756229999999,33146,4.9,,Bar & grill,None,outscraper
Sakura Gables Japanese Restaurant,+1 305-665-7020,,,25.7252086,-80.2628799,33146,4.5,,Japanese restaurant,None,outscraper
Zitz Sum,+1 786-409-6920,,,25.751446299999998,-80.262316,33134,4.5,,Restaurant,None,outscraper
The Collab,+1 305-667-6766,,,25.7126417,-80.2788127,33146,4.4,,Restaurant,None,outscraper
Bistro Café,+1 305-530-8193,,,25.7333663,-80.26103289999999,33146,5.0,,Brunch restaurant,None,outscraper
Graziano's Restaurant Coral Gables,+1 305-774-3599,,,25.7508067,-80.26258399999999,33134,4.6,,Argentinian restaurant,None,outscraper
The Halal Shack,None,,,25.719759999999997,-80.27803589999999,33146,4.9,,Halal restaurant,None,outscraper
Tullio,+1 786-707-8978,,,25.7484628,-80.2581603,33134,4.7,,Italian restaurant,None,outscraper
Zucca,+1 786-580-3731,,,25.7528951,-80.2585804,33134,4.6,,Italian restaurant,None,outscraper
Tina in the Gables,+1 305-666-0103,,,25.7286955,-80.2620681,33146,4.1,,Brunch restaurant,None,outscraper
The Munch by Pump & Munch,+1 786-360-6575,,,25.7255316,-80.2619481,33146,4.8,,Deli,None,outscraper
Half Moon Empanadas,+1 786-888-2292,,,25.7225716,-80.2758975,33146,5.0,,Takeout Restaurant,None,outscraper
Coyo Taco,+1 786-434-9332,,,25.709150599999997,-80.2831934,33146,4.5,,Mexican restaurant,None,outscraper
Havana Harry's,+1 305-661-2622,,,25.729161299999998,-80.2620408,33146,4.8,,Cuban restaurant,None,outscraper
CRAFT Coral Gables,+1 786-772-6932,,,25.751515299999998,-80.25741889999999,33134,4.9,,Restaurant,None,outscraper
CVI.CHE 105 - Coral Gables,+1 786-527-3939,,,25.745869499999998,-80.2571171,33134,4.9,,Peruvian restaurant,None,outscraper
Motek Coral Gables,+1 305-396-8547,,,25.7500425,-80.2558088,33134,4.9,,Restaurant,None,outscraper
La Rosa Gastrobar,+1 786-870-5466,,,25.7490594,-80.2622985,33134,4.9,,Restaurant,None,outscraper
Monty's Coconut Grove,+1 305-856-3992,,,25.73227,-80.23248799999999,33133,4.6,,Restaurant,None,outscraper
Bulla Gastrobar Coral Gables,+1 786-810-6215,,,25.7485084,-80.25890869999999,33134,4.9,,Spanish restaurant,None,outscraper
MIKA Coral Gables,+1 305-404-2200,,,25.744313299999998,-80.25810849999999,33134,4.7,,Restaurant,None,outscraper
Doc B's Restaurant,+1 786-864-1220,,,25.7496233,-80.26085669999999,33134,4.7,,American restaurant,None,outscraper
CRAFT Coconut Grove,+1 786-386-0198,,,25.7293144,-80.2416646,33133,4.9,,Restaurant,None,outscraper
Salumeria 104 - Coral Gables,+1 786-947-5342,,,25.7498307,-80.25723839999999,33134,4.8,,Italian restaurant,None,outscraper
Daniel's Miami,+1 305-912-2639,,,25.7051536,-80.2824148,33146,4.8,,Steak house,None,outscraper
450Gradi Miami 🇺🇸,+1 786-391-1276,,,25.749444,-80.25740499999999,33134,4.8,,Italian restaurant,None,outscraper
Beauty & The Butcher,+1 305-665-9661,,,25.705030599999997,-80.2851878,33143,4.9,,American restaurant,None,outscraper
Ró Steakhouse,+1 786-778-4158,,,25.7525203,-80.2571148,33134,4.9,,Restaurant,None,outscraper
TastiGo Kitchen,+1 305-530-8315,,,25.7409338,-80.2381511,33133,4.8,,Chinese restaurant,None,outscraper
Tullio,+1 786-707-8978,,,25.7484628,-80.2581603,33134,4.7,,Italian restaurant,None,outscraper
Luca Osteria,+1 305-381-5097,,,25.7512048,-80.2572007,33134,4.5,,Italian restaurant,None,outscraper
Zucca,+1 786-580-3731,,,25.7528951,-80.2585804,33134,4.6,,Italian restaurant,None,outscraper
Ossobuco Coconut Grove,+1 305-339-5593,,,25.729203299999998,-80.2397814,33133,4.9,,Restaurant,None,outscraper
Seasons 52,+1 305-442-8552,,,25.74963,-80.2614,33134,4.6,,New American restaurant,None,outscraper
Chop Steakhouse & Bar,+1 305-692-0762,,,25.7282516,-80.2421722,33133,4.8,,Steak house,None,outscraper
Zitz Sum,+1 786-409-6920,,,25.751446299999998,-80.262316,33134,4.5,,Restaurant,None,outscraper
Portosole,+1 786-359-4275,,,25.7480051,-80.2588993,33134,4.6,,Italian restaurant,None,outscraper
Sweet Paris Creperie & Cafe,+1 786-360-3519,,,25.7446874,-80.25802709999999,33134,4.7,,Restaurant,None,outscraper
Graziano's Restaurant Coral Gables,+1 305-774-3599,,,25.7508067,-80.26258399999999,33134,4.6,,Argentinian restaurant,None,outscraper
Bulla Gastrobar Coral Gables,+1 786-810-6215,,,25.7485084,-80.25890869999999,33134,4.9,,Spanish restaurant,None,outscraper
CRAFT South Miami,+1 786-244-7185,,,25.704052299999997,-80.28870669999999,33143,4.9,,Restaurant,None,outscraper
Beauty & The Butcher,+1 305-665-9661,,,25.705030599999997,-80.2851878,33143,4.9,,American restaurant,None,outscraper
The Empanada's South Miami,+1 305-699-0663,,,25.7048585,-80.2814813,33143,4.8,,Restaurant,None,outscraper
Doc B's Restaurant,+1 786-864-1220,,,25.7496233,-80.26085669999999,33134,4.7,,American restaurant,None,outscraper
CVI.CHE 105 - Coral Gables,+1 786-527-3939,,,25.745869499999998,-80.2571171,33134,4.9,,Peruvian restaurant,None,outscraper
Daniel's Miami,+1 305-912-2639,,,25.7051536,-80.2824148,33146,4.8,,Steak house,None,outscraper
107 Taste Asian Restaurant South Miami,+1 786-641-5122,,,25.702635899999997,-80.2907965,33143,4.9,,Asian restaurant,None,outscraper
Salumeria 104 - Coral Gables,+1 786-947-5342,,,25.7498307,-80.25723839999999,33134,4.8,,Italian restaurant,None,outscraper
maman,+1 305-397-8158,,,25.7045316,-80.2876617,33143,4.8,,Restaurant,None,outscraper
Skinny Louie,None,,,25.7025121,-80.29134069999999,33143,4.9,,Hamburger restaurant,None,outscraper
Carrot Express,+1 305-393-8882,,,25.7040348,-80.2884454,33143,4.8,,Restaurant,None,outscraper
Avo Miami,+1 786-534-4191,,,25.7029976,-80.2907376,33143,4.8,,Health food restaurant,None,outscraper
Pura Vida Miami,+1 305-535-4142,,,25.7025121,-80.29134069999999,33143,4.8,,Coffee shop,None,outscraper
Zucca,+1 786-580-3731,,,25.7528951,-80.2585804,33134,4.6,,Italian restaurant,None,outscraper
Fox's Lounge,+1 305-703-6553,,,25.7024501,-80.291533,33143,4.6,,American restaurant,None,outscraper
SNDWCH Sunset,+1 305-395-9476,,,25.7046825,-80.28497999999999,33143,4.9,,Sandwich shop,None,outscraper
Baires Grill - Coral Gables,+1 786-409-5121,,,25.7501958,-80.2584479,33134,4.8,,Argentinian restaurant,None,outscraper
Ró Steakhouse,+1 786-778-4158,,,25.7525203,-80.2571148,33134,4.9,,Restaurant,None,outscraper
Delights of Beirut,+1 786-558-4954,,,25.7049429,-80.2852517,33143,4.7,,Lebanese restaurant,None,outscraper
Mano Libera - Marco Giugliano,+1 786-783-6960,,,25.704049599999998,-80.28912969999999,33143,4.9,,Italian restaurant,None,outscraper
Tullio,+1 786-707-8978,,,25.7484628,-80.2581603,33134,4.7,,Italian restaurant,None,outscraper
Luca Osteria,+1 305-381-5097,,,25.7512048,-80.2572007,33134,4.5,,Italian restaurant,None,outscraper
Mamey Miami,+1 305-266-2639,,,25.7121987,-80.2782746,33146,4.3,,Restaurant,None,outscraper
450Gradi Miami 🇺🇸,+1 786-391-1276,,,25.749444,-80.25740499999999,33134,4.8,,Italian restaurant,None,outscraper
maman,+1 305-603-9206,,,25.7492763,-80.25750029999999,33134,4.7,,Coffee shop,None,outscraper
GROU Coffee + Cowork,+1 305-639-8218,,,25.7335264,-80.2604422,33146,4.8,,Coffee shop,None,outscraper
"Le Parc-Bonjour, Café Bistro",+1 305-722-8785,,,25.7530792,-80.2747236,33134,4.7,,Restaurant,None,outscraper
"CFS Coffee For The Soul, Coral Gables",+1 786-953-6594,,,25.750989699999998,-80.260088,33134,4.8,,Coffee shop,None,outscraper
Arte y Pasión Cafe,+1 786-542-9746,,,25.7506129,-80.25900039999999,33134,4.8,,Cafe,None,outscraper
CRAFT Coral Gables,+1 786-772-6932,,,25.751515299999998,-80.25741889999999,33134,4.9,,Cafe,None,outscraper
Cafe Grumpy - Coral Gables,+1 305-364-5012,,,25.7482303,-80.2587456,33134,4.5,,Coffee shop,None,outscraper
Pasion del Cielo Coffee,+1 305-448-0007,,,25.7512528,-80.25691669999999,33134,4.5,,Coffee shop,None,outscraper
Tinta Y Cafe - Coral Gables,+1 305-285-0101,,,25.7591629,-80.2585074,33134,4.2,,Cafe,None,outscraper
Café Demetrio,+1 305-448-4949,,,25.7517431,-80.26090549999999,33134,4.4,,Cafe,None,outscraper
MIAM CAFE - CORAL GABLES,+1 305-200-3190,,,25.7510977,-80.258915,33134,4.7,,Cafe,None,outscraper
Threefold Cafe,+1 305-704-8007,,,25.751481,-80.257734,33134,4.4,,Cafe,None,outscraper
Pura Vida Miami,+1 305-535-4142,,,25.749172299999998,-80.2596398,33134,4.8,,Coffee shop,None,outscraper
Bistro Café,+1 305-530-8193,,,25.7333663,-80.26103289999999,33146,5.0,,Brunch restaurant,None,outscraper
Bachour,+1 305-203-0552,,,25.7538809,-80.261012,33134,4.6,,Restaurant,None,outscraper
Naked Farmer,+1 305-487-7327,,,25.751520799999998,-80.2576472,33134,4.9,,New American restaurant,None,outscraper
Alto Tostado Coffee Roasters,+1 786-907-4753,,,25.7491576,-80.26217749999999,33134,5.0,,Coffee roasters,None,outscraper
Motek Coral Gables,+1 305-396-8547,,,25.7500425,-80.2558088,33134,4.9,,Restaurant,None,outscraper
Sweet Paris Creperie & Cafe,+1 786-360-3519,,,25.7446874,-80.25802709999999,33134,4.7,,Restaurant,None,outscraper
Crema Gourmet,+1 786-360-4026,,,25.7497798,-80.25834259999999,33134,4.2,,Breakfast restaurant,None,outscraper
RC Café,+1 305-889-8684,,,25.7516793,-80.2603475,33134,4.8,,Restaurant,None,outscraper
Chef Sucre Café,+1 305-444-2025,,,25.748538999999997,-80.26432299999999,33134,4.5,,Coffee shop,None,outscraper
Gusto Casero By MDQ Sweets,+1 305-200-3713,,,25.7534517,-80.2554631,33134,4.9,,Brunch restaurant,None,outscraper
Micocos,+1 786-741-9058,,,25.752862399999998,-80.2550475,33134,4.8,,Breakfast restaurant,None,outscraper
Nonnos Cafe,+1 305-992-9233,,,25.747948899999997,-80.2659548,33134,5.0,,Cafe,None,outscraper
Tap 42 Craft Kitchen & Bar - Coral Gables,+1 786-391-1566,,,25.7512384,-80.2610097,33134,4.5,,Gastropub,None,outscraper
The Bar,+1 305-442-2730,,,25.7511558,-80.2582075,33134,4.3,,Bar,None,outscraper
Bulla Gastrobar Coral Gables,+1 786-810-6215,,,25.7485084,-80.25890869999999,33134,4.9,,Spanish restaurant,None,outscraper
Copper 29 Bar,+1 786-830-9640,,,25.7491912,-80.2590427,33134,4.3,,Bar,None,outscraper
Bay 13 Brewery and Kitchen,+1 786-452-0935,,,25.752672399999998,-80.2560079,33134,4.5,,Brewery,None,outscraper
John Martin's Irish Pub & Restaurant,+1 305-209-0609,,,25.749734399999998,-80.2598203,33134,4.4,,Bar,None,outscraper
The Globe,+1 305-445-3555,,,25.7520638,-80.2622758,33134,4.5,,Bar & grill,None,outscraper
CRAFT Coral Gables,+1 786-772-6932,,,25.751515299999998,-80.25741889999999,33134,4.9,,Restaurant,None,outscraper
Cebada Rooftop,+1 786-409-2287,,,25.751219499999998,-80.257361,33134,4.2,,Spanish restaurant,None,outscraper
Bodega Bar Coral Gables,+1 786-785-1501,,,25.7497305,-80.2611091,33134,4.1,,Bar,None,outscraper
The Biltmore Bar,+1 877-624-2830,,,25.740818599999997,-80.2784533,33134,4.4,,Bar,None,outscraper
Yard House,+1 305-447-9273,,,25.732339999999997,-80.25983,33146,4.4,,Bar,None,outscraper
Fritz & Franz Bierhaus,+1 305-774-1883,,,25.7509053,-80.2561628,33134,4.5,,German restaurant,None,outscraper
Sra. Martinez,+1 786-860-5980,,,25.7508862,-80.2565754,33134,4.7,,Bar,None,outscraper
Doc B's Restaurant,+1 786-864-1220,,,25.7496233,-80.26085669999999,33134,4.7,,Bar,None,outscraper
Armstrong Jazz House,+1 305-488-9955,,,25.749656299999998,-80.2601451,33134,4.7,,Restaurant,None,outscraper
Baires Grill - Coral Gables,+1 786-409-5121,,,25.7501958,-80.2584479,33134,4.8,,Argentinian restaurant,None,outscraper
MIKA Coral Gables,+1 305-404-2200,,,25.744313299999998,-80.25810849999999,33134,4.7,,Bar,None,outscraper
Motek Coral Gables,+1 305-396-8547,,,25.7500425,-80.2558088,33134,4.9,,Restaurant,None,outscraper
Titanic Brewery & Restaurant,+1 305-667-2537,,,25.7106039,-80.28301379999999,33146,4.4,,Restaurant,None,outscraper
Eating House Miami,+1 786-580-3745,,,25.7512111,-80.2574181,33134,4.5,,Restaurant,None,outscraper
BRANDI'S,None,,,25.739296099999997,-80.2800529,33134,2.3,,Bar,None,outscraper
La Taberna Giralda,+1 786-362-5677,,,25.750951999999998,-80.260042,33134,4.3,,Spanish restaurant,None,outscraper
Vinya Table,+1 786-741-2903,,,25.7491381,-80.2601052,33134,4.7,,Bar,None,outscraper
La Rosa Gastrobar,+1 786-870-5466,,,25.7490594,-80.2622985,33134,4.9,,Restaurant,None,outscraper
Bachour,+1 305-203-0552,,,25.7538809,-80.261012,33134,4.6,,Bakery,None,outscraper
Pinecrest Bakery - Coral Gables,+1 786-591-7800,,,25.764305699999998,-80.25954589999999,33134,4.7,,Bakery,None,outscraper
Butter Moon Bakehouse,+1 786-784-9111,,,25.7718343,-80.2649313,33134,4.7,,Bakery,None,outscraper
Caracas Bakery Coral Gables,+1 786-647-3759,,,25.749337,-80.2562805,33134,4.5,,Bakery,None,outscraper
Sweet Manifesto Coral Gables,+1 786-833-7789,,,25.747371299999998,-80.258845,33134,4.8,,Pastry shop,None,outscraper
Madruga Bakery,+1 305-262-6130,,,25.709159999999997,-80.2823518,33146,4.5,,Bakery,None,outscraper
maman,+1 305-603-9206,,,25.7492763,-80.25750029999999,33134,4.7,,Coffee shop,None,outscraper
Camila's Patisserie,+1 786-380-1386,,,25.745167799999997,-80.2577823,33134,4.6,,Bakery,None,outscraper
Neoklasik Modern Artisan Bakery,+1 305-615-9940,,,25.7490307,-80.262034,33134,5.0,,Patisserie,None,outscraper
Gusto Casero By MDQ Sweets,+1 305-200-3713,,,25.7534517,-80.2554631,33134,4.9,,Bakery,None,outscraper
La Boulangerie Boul'Mich,+1 305-858-1080,,,25.750809099999998,-80.2151884,33145,4.7,,Bakery,None,outscraper
Chocolate Fashion,+1 305-461-3200,,,25.748397999999998,-80.25984799999999,33134,4.5,,Bakery,None,outscraper
Let them have cake,+1 305-200-5575,,,25.7521789,-80.26216579999999,33134,4.9,,Bakery,None,outscraper
La Industria Bakery & Cafe,+1 786-803-8333,,,25.777327099999997,-80.18587529999999,33132,4.7,,Brunch restaurant,None,outscraper
Lucerne Bakery,+1 305-986-1507,,,25.7484827,-80.3160905,33155,4.5,,Bakery,None,outscraper
"Le Parc-Bonjour, Café Bistro",+1 305-722-8785,,,25.7530792,-80.2747236,33134,4.7,,Bakery,None,outscraper
Façade Bakery,None,,,25.751303099999998,-80.26022549999999,33131,4.2,,Bakery,None,outscraper
Vicky Bakery University of Miami,+1 305-434-0048,,,25.719917199999998,-80.2780618,33146,4.6,,Bakery,None,outscraper
Paolo Fontanot Bakery & Cafe,+1 786-522-2310,,,25.793348599999998,-80.18716739999999,33132,4.5,,Bakery,None,outscraper
Pinocho Bakery,+1 305-448-7843,,,25.7707043,-80.2812113,33134,4.3,,Bakery,None,outscraper
San Lorenzo Gelato and Pastry,+1 305-381-5591,,,25.7462001,-80.25727909999999,33134,4.7,,Ice cream shop,None,outscraper
El Brazo Fuerte Bakery,+1 305-444-7720,,,25.755829,-80.2463964,33145,4.5,,Bakery,None,outscraper
Majestic Portuguese Bakehouse,+1 786-294-0833,,,25.749699099999997,-80.2486254,33145,4.7,,Bakery,None,outscraper
Pinecrest Bakery - Coconut Grove,+1 305-680-0906,,,25.7390349,-80.2392615,33133,4.9,,Bakery,None,outscraper
Rosetta Bakery,+1 305-763-8215,,,25.7912778,-80.1401222,33139,4.5,,Bakery,None,outscraper
Shops at Merrick Park,+1 305-529-1215,,,25.731336499999998,-80.2601406,33146,4.6,,Shopping mall,None,outscraper
Miracle Mile & Downtown Coral Gables,+1 305-569-0311,,,25.7494437,-80.2574053,33134,4.6,,Shopping mall,None,outscraper
Miracle Marketplace,+1 305-443-9620,,,25.7501686,-80.2497661,33145,4.4,,Shopping mall,None,outscraper
CRAFT Coral Gables,+1 786-772-6932,,,25.751515299999998,-80.25741889999999,33134,4.9,,Restaurant,None,outscraper
Alcazar Plaza,None,,,25.752712199999998,-80.261189,33134,4.0,,Shopping mall,None,outscraper
Shops at Merrick Park,+1 305-529-1215,,,25.731336499999998,-80.2601406,33146,4.6,,Shopping mall,None,outscraper
Origen,+1 561-322-8020,,,25.7494323,-80.2561881,33134,4.9,,Clothing store,None,outscraper
Essence Boutique,+1 305-448-6777,,,25.7494399,-80.25619739999999,33134,4.9,,Women's clothing store,None,outscraper
clever alice,None,,,40.722373999999995,-73.9936918,10012,4.8,,Women's clothing store,None,outscraper
Johnny Was,+1 305-351-4037,,,25.731184,-80.2603266,33146,4.3,,Women's clothing store,None,outscraper
Bloom Boutique,+1 305-476-0300,,,25.748379099999998,-80.2599833,33134,4.9,,Boutique,None,outscraper
Blue Serenity Boutique,+1 786-564-2674,,,25.7484392,-80.2599664,33134,4.8,,Women's clothing store,None,outscraper
& son,None,,,40.726942099999995,-74.00221859999999,10012,5.0,,Clothing store,None,outscraper
Nordstrom,+1 786-999-1313,,,25.7318745,-80.25892499999999,33146,4.5,,Clothing store,None,outscraper
Bolado Clothiers,+1 305-448-2507,,,25.749195999999998,-80.261051,33134,5.0,,Men's clothing store,None,outscraper
Oroboro,+1 917-409-1499,,,40.7221602,-73.99543969999999,10012,4.2,,Clothing store,None,outscraper
Kalo Boutique,+1 305-833-8989,,,25.7515492,-80.256388,33134,5.0,,Boutique,None,outscraper
Miracle Mile & Downtown Coral Gables,+1 305-569-0311,,,25.7494437,-80.2574053,33134,4.6,,Shopping mall,None,outscraper
Anthropologie,+1 305-443-0021,,,25.7321901,-80.2597021,33146,4.3,,Women's clothing store,None,outscraper
In Fashion by Vera,+1 786-660-5200,,,25.7492847,-80.25650639999999,33134,4.3,,Clothing store,None,outscraper
Ohm Boutique,+1 305-284-8455,,,25.7046821,-80.2846862,33143,4.3,,Boutique,None,outscraper
Neiman Marcus,+1 786-999-1000,,,25.7319674,-80.2614692,33146,4.0,,Clothing store,None,outscraper
Lilly Pulitzer,+1 305-441-9837,,,25.731797,-80.2608906,33146,4.2,,Women's clothing store,None,outscraper
ALO,+1 305-351-4771,,,25.7315145,-80.2601638,33146,3.8,,Clothing store,None,outscraper
Curves N' Waves,+1 305-442-1430,,,25.749333,-80.2572756,33134,4.5,,Swimwear store,None,outscraper
Eberjey Coral Gables at Shops at Merrick Park,+1 305-763-8455,,,25.731864899999998,-80.260987,33146,4.7,,Clothing store,None,outscraper
Madewell,+1 332-456-4976,,,40.775760999999996,-73.9796527,10023,4.5,,Clothing store,None,outscraper
Shops at Merrick Park,+1 305-529-1215,,,25.731336499999998,-80.2601406,33146,4.6,,Shopping mall,None,outscraper
Chico's,+1 305-446-6932,,,25.731407599999997,-80.2603475,33146,4.5,,Women's clothing store,None,outscraper
Vince,+1 786-905-0003,,,25.7319109,-80.2596461,33146,4.3,,Clothing store,None,outscraper
If So Boutique,+1 786-942-2626,,,25.747693899999998,-80.2587449,33134,4.7,,Boutique,None,outscraper
Jae's Fine Jewelers,+1 305-443-7724,,,25.749719,-80.259497,33134,4.9,,Jewelry store,None,outscraper
Rudy Santayana Jewelry Designs,+1 786-801-0111,,,25.733961299999997,-80.2605549,33146,5.0,,Jewelry store,None,outscraper
Montica Jewelry,+1 305-446-2957,,,25.7244264,-80.2636373,33146,5.0,,Jewelry store,None,outscraper
Amaury Jewelry,+1 305-445-5242,,,25.7638599,-80.2743071,33134,4.6,,Jeweler,None,outscraper
Mayors,+1 305-446-1233,,,25.7314553,-80.2609116,33146,4.9,,Jewelry store,None,outscraper
Gables Fancy Corner,+1 786-663-4226,,,25.7570819,-80.2585682,33134,5.0,,Jewelry store,None,outscraper
By Design Jewelers,+1 305-441-9347,,,25.757053199999998,-80.2587367,33134,5.0,,Jewelry store,None,outscraper
Castillo de Oro Jewelry,+1 786-818-3404,,,25.7641957,-80.2656669,33134,5.0,,Jewelry store,None,outscraper
Brilliant Earth,+1 786-751-9243,,,25.7279464,-80.24162009999999,33133,4.4,,Jewelry store,None,outscraper
Taudrey,+1 786-600-7009,,,25.752733799999998,-80.2582305,33134,4.6,,Jewelry designer,None,outscraper
San Lazaro Jewelry,+1 305-567-9747,,,25.764771,-80.25777599999999,33134,4.4,,Jewelry store,None,outscraper
RobinHood Diamonds,+1 646-200-2197,,,40.7564992,-73.9825384,10036,4.9,,Jewelry store,None,outscraper
"Pawn Jewelry - Coral Gables, Miami",+1 786-605-9593,,,25.7527567,-80.2549526,33134,5.0,,Pawn shop,None,outscraper
Princess Joyeria,+1 786-777-9852,,,25.7643454,-80.2718012,33134,4.9,,Jewelry store,None,outscraper
BOUNKIT,+1 212-244-1877,,,40.747436,-73.98750199999999,10001,5.0,,Jewelry designer,None,outscraper
Lisandra’s Jewelry of Miami,+1 305-269-3889,,,25.7633424,-80.2847506,33134,5.0,,Jeweler,None,outscraper
Tiffany & Co.,+1 305-529-4390,,,25.732134,-80.260227,33146,4.2,,Jewelry store,None,outscraper
Morays Jewelers,+1 305-374-0739,,,25.7494648,-80.25712879999999,33134,4.6,,Jewelry store,None,outscraper
HART,None,,,40.7235304,-73.9940561,10012,5.0,,Jewelry store,None,outscraper
Diamond Banc,+1 786-605-9593,,,25.752639199999997,-80.25482149999999,33134,5.0,,Jewelry buyer,None,outscraper
Lot28,+1 917-528-2072,,,40.7206287,-73.989372,10002,5.0,,Jewelry store,None,outscraper
Specific Gravity,+1 347-291-1766,,,40.6789434,-73.968115,11238,4.6,,Jewelry store,None,outscraper
South Miami Jewelers & Watch,+1 305-667-1898,,,25.704032899999998,-80.28564999999999,33143,5.0,,Jewelry store,None,outscraper
Pandora Jewelry,+1 332-345-4947,,,40.738220999999996,-73.9922703,10011,3.6,,Jewelry store,None,outscraper
BY L’AIMÉ NEW YORK,+1 917-251-4298,,,40.7575824,-73.98133849999999,10036,5.0,,Jewelry designer,None,outscraper
Whole Foods Market,+1 305-421-9421,,,25.7064073,-80.2853068,33143,4.5,,Grocery store,None,outscraper
Milam's Market- Coral Gables (East),+1 786-673-1236,,,25.733819,-80.2545538,33146,4.7,,Supermarket,None,outscraper
Trader Joe's,+1 305-442-5402,,,25.7294479,-80.2582907,33133,4.7,,Grocery store,None,outscraper
Publix Super Market on S Le Jeune Rd,+1 305-445-2641,,,25.7481978,-80.2611423,33134,4.4,,Supermarket,None,outscraper
Fresco y Más,+1 305-854-8479,,,25.7513047,-80.2195078,33145,4.2,,Grocery store,None,outscraper
Walmart Neighborhood Market,+1 786-257-4094,,,25.7647989,-80.30880669999999,33144,4.2,,Grocery store,None,outscraper
Publix Super Market on Monza Ave,+1 305-667-1681,,,25.7078205,-80.2822796,33146,4.4,,Supermarket,None,outscraper
The Fresh Market,+1 305-854-7202,,,25.730383,-80.23439599999999,33133,4.4,,Grocery store,None,outscraper
Publix Super Market at Douglas Grand,+1 305-445-3221,,,25.7578975,-80.25565619999999,33134,4.5,,Supermarket,None,outscraper
Cana Wine,+1 786-815-5940,,,25.7518738,-80.2584747,33134,4.6,,Wine store,None,outscraper
Hells Kitchen wines & spirits (Formerly known as 54 wines & spirits),+1 212-757-7123,,,40.766841199999995,-73.9875289,10019,4.6,,Liquor store,None,outscraper
Wolfe's WINE Shoppe,+1 305-445-4567,,,25.7493908,-80.25722979999999,33134,4.4,,Wine store,None,outscraper
Crown Wine & Spirits,+1 786-621-9463,,,25.707586,-80.28482799999999,33146,4.7,,Wine store,None,outscraper
Clementine's Wine Gourmet,+1 305-877-2777,,,25.746782999999997,-80.2588122,33134,4.9,,Wine store,None,outscraper
Flatiron Wines & Spirits,+1 212-477-1315,,,40.7380098,-73.9902333,10003,4.6,,Wine store,None,outscraper
Central Perk Wine and Spirits,+1 212-350-9914,,,40.7650037,-73.97639459999999,10019,4.6,,Liquor store,None,outscraper
Total Wine & More,+1 305-630-3790,,,25.690400699999998,-80.3860198,33183,4.6,,Wine store,None,outscraper
Urban Wines and Spirits,+1 212-477-1003,,,40.7244861,-73.98792019999999,10003,4.7,,Wine store,None,outscraper
Vanderbilt Avenue Wine Merchants,+1 718-398-1800,,,40.6805484,-73.9674763,11238,5.0,,Wine store,None,outscraper
Gnarly Vines,+1 718-797-3183,,,40.693002,-73.972293,11205,4.7,,Wine store,None,outscraper
Millesima USA Wine Store New York,+1 212-639-9463,,,40.7648097,-73.9615977,10065,4.2,,Wine store,None,outscraper
Landmark Wine & Spirits + Minoru's Sake Shop,+1 212-242-2323,,,40.7441902,-73.996578,10011,4.7,,Wine store,None,outscraper
Delancey Wine,+1 212-995-1988,,,40.716116799999995,-73.9897508,10002,4.8,,Wine store,None,outscraper
Astor Wines & Spirits,+1 212-674-7500,,,40.727962,-73.99277459999999,10003,4.7,,Wine store,None,outscraper
Gowanus Wine Studio & Tasting Table,+1 917-687-6058,,,40.6780142,-73.9853759,11215,4.9,,Wine store,None,outscraper
Bouchon Wine Shop,+1 347-240-0685,,,40.6890468,-73.9571236,11238,4.4,,Wine store,None,outscraper
Total Wine & More,+1 786-772-0710,,,25.7404752,-80.23873909999999,33133,4.5,,Wine store,None,outscraper
Cork and Barrel Wine and Spirits,+1 212-222-3700,,,40.7963235,-73.97025169999999,10025,4.6,,Wine store,None,outscraper
Uva Wines & Spirits,+1 718-963-3939,,,40.7159486,-73.959471,11211,3.4,,Wine store,None,outscraper
Bk Wine Depot Corp.,+1 718-797-1588,,,40.683832699999996,-73.9898923,11217,4.6,,Wine store,None,outscraper
Eastside Cellars,+1 212-996-9463,,,40.7797266,-73.9476695,10128,4.2,,Wine store,None,outscraper
West Street Wine & Spirits,+1 212-383-8300,,,40.7083333,-74.015,10006,4.4,,Wine store,None,outscraper
Battery Park Wine & Spirits,+1 646-882-0182,,,40.7104235,-74.016415,10280,4.1,,Wine store,None,outscraper
CB2,+1 212-355-7974,,,40.7610257,-73.9664227,10022,4.2,,Furniture store,None,outscraper
Flowers at the Gables,+1 305-713-5669,,,25.734334099999998,-80.2545344,33146,4.6,,Florist,None,outscraper
Flower Dream Miami,+1 714-732-2273,,,25.7564876,-80.2571024,33134,5.0,,Flower designer,None,outscraper
Belle Fleur,+1 305-444-0883,,,25.753032899999997,-80.261569,33134,4.6,,Florist,None,outscraper
Chateau Bloom,+1 786-224-4845,,,25.744400799999998,-80.2582527,33134,4.9,,Florist,None,outscraper
Mercy's Flowers,+1 305-264-5053,,,25.7707032,-80.28413499999999,33134,4.3,,Florist,None,outscraper
Coco Bella Gift & Home,+1 305-444-1334,,,25.753047199999997,-80.2613018,33134,4.8,,Gift shop,None,outscraper
"The Rose Tree Cottage | Interior Design, Fine Gifts & Home Accessories",+1 305-448-9688,,,25.748968299999998,-80.2624682,33134,4.7,,Gift shop,None,outscraper
The Golden Triangle,+1 305-447-1900,,,25.7511194,-80.2569278,33134,4.7,,Gift shop,None,outscraper
Brooklyn Gifts and Collectibles,+1 929-344-1958,,,40.716824599999995,-73.9592594,11249,5.0,,Gift shop,None,outscraper
Casa Maria,+1 305-444-3816,,,25.733837599999998,-80.2605786,33146,4.9,,Gift shop,None,outscraper
Miracle Mile & Downtown Coral Gables,+1 305-569-0311,,,25.7494437,-80.2574053,33134,4.6,,Shopping mall,None,outscraper
Exit9 Gift Emporium,+1 212-228-0145,,,40.7238956,-73.98528979999999,10009,4.5,,Gift shop,None,outscraper
Miami Fair Trade,+1 305-448-7421,,,25.7431514,-80.278669,33134,4.8,,Gift shop,None,outscraper
Gables Fancy Corner,+1 786-663-4226,,,25.7570819,-80.2585682,33134,5.0,,Jewelry store,None,outscraper
LITTLE HAVANA GIFT SHOP,+1 786-768-1170,,,25.7655966,-80.220033,33135,4.5,,Gift shop,None,outscraper
The New York Public Library Shop,+1 212-930-0641,,,40.7529806,-73.9817518,10018,4.8,,Gift shop,None,outscraper
Bliss Imprints & Gifts,+1 305-661-2030,,,25.749737699999997,-80.26043829999999,33134,4.9,,Invitation printing service,None,outscraper
Avenues Gifts,+1 305-266-3330,,,25.7820152,-80.2785433,33126,4.1,,Gift shop,None,outscraper
Stella Tribeca Home,+1 212-233-9610,,,40.716622199999996,-74.00975629999999,10013,4.9,,Bedding store,None,outscraper
Violetas Lifestyle & Home,+1 305-381-0711,,,25.7496728,-80.259889,33134,4.8,,Home goods store,None,outscraper
Urben Gifts & Gadgets,+1 786-577-0151,,,25.7041963,-80.2875073,33143,4.9,,Gift shop,None,outscraper
Flagler smoke shop,+1 786-353-2293,,,25.7718399,-80.27060039999999,33134,4.8,,Vaporizer store,None,outscraper
The Gables Shop,+1 305-460-5311,,,25.748332299999998,-80.2589194,33134,5.0,,None,None,outscraper
Candle Land Miami Coral Gables,+1 305-397-8471,,,25.7512309,-80.257871,33134,4.8,,Candle store,None,outscraper
Silver Dragon Store,+1 786-307-5575,,,25.7511983,-80.2559496,33134,4.7,,Gift shop,None,outscraper
Waxxed Sports Cards,+1 786-542-9454,,,25.7512804,-80.2595505,33134,5.0,,Collectibles store,None,outscraper
RIMA’S GIFTS,+1 305-776-1682,,,25.737435299999998,-80.23807149999999,33133,5.0,,Gift shop,None,outscraper
Essence Boutique,+1 305-448-6777,,,25.7494399,-80.25619739999999,33134,4.9,,Women's clothing store,None,outscraper
Macy's,+1 201-255-5200,,,40.726251999999995,-74.037353,07310,4.3,,Department store,None,outscraper
Kalo Boutique,+1 305-833-8989,,,25.7515492,-80.256388,33134,5.0,,Boutique,None,outscraper
PetSmart,+1 305-448-4403,,,25.750417,-80.2496863,33145,4.3,,Pet supply store,None,outscraper
Pet Supermarket,+1 305-662-6740,,,25.732706099999998,-80.3050222,33155,4.4,,Pet supply store,None,outscraper
El Palomar Pet Shop,+1 305-442-7372,,,25.771214999999998,-80.272352,33134,4.7,,Pet supply store,None,outscraper
Books & Books,+1 305-442-4408,,,25.7505441,-80.2599664,33134,4.7,,Book store,None,outscraper
Barnes & Noble,+1 305-446-4152,,,25.7493415,-80.25808789999999,33134,4.6,,Book store,None,outscraper
Book Horizons,+1 305-665-6161,,,25.716623,-80.273944,33146,4.8,,Book store,None,outscraper
Barnes & Noble,+1 212-253-0810,,,40.736967899999996,-73.9897209,10003,4.6,,Book store,None,outscraper
The Café at Books & Books,+1 305-448-9599,,,25.7505596,-80.2598575,33134,4.6,,Cafe,None,outscraper
Barnes & Noble,+1 305-662-4770,,,25.7046814,-80.2859497,33143,4.6,,Book store,None,outscraper
Barnes & Noble,+1 212-697-3048,,,40.7557334,-73.9789175,10017,4.5,,Book store,None,outscraper
Spy World,+1 305-542-4600,,,25.7494667,-80.2565262,33134,4.9,,Security system supplier,None,outscraper
Leica Store Miami,+1 305-921-4433,,,25.7490968,-80.2621188,33134,4.7,,Camera store,None,outscraper
Geeks on Site,+1 888-360-4335,,,25.748515299999998,-80.258363,33134,4.4,,Computer repair service,None,outscraper
Synchroteam,+1 855-809-6200,,,25.7513954,-80.2595793,33134,3.0,,Software company,None,outscraper
B & R Electronics Supply,+1 305-255-4510,,,25.6503937,-80.3362561,33176,4.8,,Electronic parts supplier,None,outscraper
AAP Miami,+1 305-902-1651,,,25.749936899999998,-80.2629817,33134,5.0,,Electronics store,None,outscraper
IBM,None,,,25.752786999999998,-80.2549181,33134,4.1,,Software company,None,outscraper
No Boundaries Sport,+1 305-444-3206,,,25.7503034,-80.2591405,33134,4.7,,Bicycle Shop,None,outscraper
Target,+1 786-437-3207,,,25.7549134,-80.259216,33134,3.9,,Electronics store,None,outscraper
IT of United States - Managed IT Services & Support South Miami / Coral Gables Office,+1 305-440-0554,,,25.756018599999997,-80.25858889999999,33134,5.0,,Computer support and services,None,outscraper
Max Appliance Repair Miami,+1 786-733-9343,,,25.7472164,-80.2608375,33134,4.9,,Appliance repair service,None,outscraper
Barnes & Noble,+1 305-446-4152,,,25.7493415,-80.25808789999999,33134,4.6,,Book store,None,outscraper
Esri,+1 305-446-9786,,,25.7499975,-80.25586609999999,33134,5.0,,Software company,None,outscraper
KB Electronics,+1 954-346-4900,,,26.279327,-80.288236,33065,4.4,,Manufacturer,None,outscraper
Stellar IT Solutions,+1 305-699-0607,,,25.7529118,-80.2550875,33134,5.0,,Computer support and services,None,outscraper
Interseckt Corporation,+1 305-448-7899,,,25.7478825,-80.25430469999999,33145,4.4,,Audio visual consultant,None,outscraper
Publix Super Market on S Le Jeune Rd,+1 305-445-2641,,,25.7481978,-80.2611423,33134,4.4,,Supermarket,None,outscraper
Books & Books,+1 305-442-4408,,,25.7505441,-80.2599664,33134,4.7,,Book store,None,outscraper
Trax,+1 877-264-8729,,,25.746101799999998,-80.2575059,33134,4.1,,Software company,None,outscraper
nexogy,+1 866-639-6491,,,25.753356,-80.258027,33134,4.2,,Telecommunications service provider,None,outscraper
"PayCargo, LLC",+1 888-250-7778,,,25.752691799999997,-80.25992289999999,33134,4.6,,Logistics service,None,outscraper
B2B Cloud Solutions,+1 305-593-9934,,,25.7529118,-80.2550875,33134,5.0,,Computer support and services,None,outscraper
Heyday Marketing,+1 305-783-3407,,,25.746609,-80.2574083,33134,4.9,,Marketing agency,None,outscraper
Media Global Group,+1 786-431-4555,,,25.7481688,-80.2555921,33134,5.0,,Media consultant,None,outscraper
NetsMiami Digital Marketing,+1 786-505-1114,,,25.754280599999998,-80.2590518,33134,4.8,,Marketing agency,None,outscraper
Modo Furniture,+1 305-567-2970,,,25.732629499999998,-80.2587956,33146,4.9,,Furniture store,None,outscraper
Decor House Furniture,+1 305-448-6200,,,25.7334125,-80.2581835,33146,4.5,,Furniture store,None,outscraper
Miami Furniture Outlet - Furniture Stores in Miami,+1 305-400-2016,,,25.7096451,-80.28200149999999,33146,5.0,,Furniture store,None,outscraper
Sierra Furniture,+1 305-469-7858,,,25.7336441,-80.2617956,33146,4.7,,Furniture store,None,outscraper
Artefacto Coral Gables,+1 305-774-0004,,,25.7309226,-80.25665839999999,33146,3.9,,Furniture store,None,outscraper
Fine-Line Furniture & Accessories,+1 305-661-4414,,,25.7325089,-80.25815999999999,33146,5.0,,Furniture store,None,outscraper
Crate & Barrel,+1 212-780-0004,,,40.7385072,-73.9906307,10003,3.6,,Furniture store,None,outscraper
Arhaus,+1 786-228-7067,,,25.731093899999998,-80.25846829999999,33146,3.8,,Furniture store,None,outscraper
CB2,+1 212-219-1454,,,40.720479999999995,-74.000957,10013,4.0,,Furniture store,None,outscraper
Pure Project Home,+1 305-418-0325,,,25.748015,-80.26444099999999,33134,4.8,,Furniture store,None,outscraper
Floridian Furniture Co,+1 305-448-2639,,,25.764396599999998,-80.2733612,33134,4.5,,Furniture store,None,outscraper
Crate & Barrel,+1 305-460-3560,,,25.7312121,-80.2576405,33146,3.8,,Furniture store,None,outscraper
Raymour & Flanigan Furniture and Mattress Store,+1 201-809-1353,,,40.7872006,-74.0480133,07094,4.6,,Furniture store,None,outscraper
Bob’s Discount Furniture and Mattress Store,+1 201-643-1370,,,40.7941729,-74.0510038,07094,4.7,,Furniture store,None,outscraper
Luminaire Flagship,+1 305-448-7367,,,25.7507095,-80.25836559999999,33134,4.4,,Furniture store,None,outscraper
Ashley Store,+1 732-548-1200,,,40.7926772,-74.0515094,07094,4.6,,Furniture store,None,outscraper
Victoria's Armoire,+1 305-445-3848,,,25.7338931,-80.2582109,33146,3.7,,Furniture store,None,outscraper
Roche Bobois,+1 305-444-1017,,,25.7480618,-80.2638861,33134,4.2,,Furniture store,None,outscraper
Monkey Furniture Store,+1 305-849-3668,,,25.778893699999998,-80.27072299999999,33126,4.2,,Furniture store,None,outscraper
Pottery Barn,+1 305-569-9022,,,25.731339799999997,-80.2601753,33146,3.7,,Furniture store,None,outscraper
Lovesac,+1 305-476-6017,,,25.731854799999997,-80.2608466,33146,4.3,,Furniture store,None,outscraper
Violetas Lifestyle & Home,+1 305-381-0711,,,25.7496728,-80.259889,33134,4.8,,Home goods store,None,outscraper
Bob’s Discount Furniture and Mattress Store,+1 646-400-6180,,,40.7952416,-73.9306489,10035,4.8,,Furniture store,None,outscraper
west elm,+1 305-670-7774,,,25.6882724,-80.3130798,33156,3.9,,Furniture store,None,outscraper
KyDeco,+1 201-502-0358,,,40.8855954,-74.0483922,07601,4.9,,Used furniture store,None,outscraper
Cernuda Arte,+1 305-461-1050,,,25.7429384,-80.25809579999999,33134,4.6,,Art gallery,None,outscraper
The Americas Collection Art Gallery & Frame Shop,+1 305-446-5578,,,25.7326449,-80.2581589,33146,4.9,,Art gallery,None,outscraper
Virginia Miller Galleries Inc,+1 305-444-4493,,,25.756127,-80.258348,33134,5.0,,Art gallery,None,outscraper
ArtLabbé Coral Gables,None,,,25.748135299999998,-80.2588457,33134,4.4,,Art gallery,None,outscraper
Torna Prado Fine Art Collect,+1 305-476-8444,,,25.740906799999998,-80.2586819,33134,5.0,,Art gallery,None,outscraper
UVA Gallery,+1 786-496-2276,,,25.753047199999997,-80.2613018,33134,5.0,,Art gallery,None,outscraper
HBenitez Fine Art Gallery,+1 786-877-1045,,,25.7505331,-80.259413,33134,4.4,,Art gallery,None,outscraper
Gallery Plaza,+1 305-442-1861,,,25.7545659,-80.2619897,33134,5.0,,Art gallery,None,outscraper
Chromatic Art Gallery,+1 863-266-7613,,,25.7482732,-80.2561336,33134,,,Art gallery,None,outscraper
Zapata Art Gallery,+1 786-505-8715,,,25.7512321,-80.2172618,33145,5.0,,Art gallery,None,outscraper
Coral Gables Museum,+1 305-603-8067,,,25.750527599999998,-80.2603508,33134,4.4,,Tourist attraction,None,outscraper
White’s Art Gallery,+1 786-406-0650,,,25.731302,-80.3155713,33155,4.7,,Art gallery,None,outscraper
Campins Fine Art,+1 305-785-1161,,,25.732164899999997,-80.3141239,33155,5.0,,Art gallery,None,outscraper
Durban Segnini Gallery,+1 305-774-7740,,,25.7337071,-80.2562816,33146,4.9,,Art gallery,None,outscraper
RDZ Fine Art LLC,+1 305-720-5172,,,25.7515446,-80.2578604,33134,5.0,,Art gallery,None,outscraper
Liliana Fine Art Gallery,+1 786-635-4912,,,25.754814099999997,-80.2544097,33145,5.0,,Art gallery,None,outscraper
Ninoska Huerta Gallery,+1 305-588-1231,,,25.7491944,-80.2604891,33134,,,Art gallery,None,outscraper
Coral Gallery,+1 415-450-8456,,,25.8079729,-80.196056,33127,4.6,,Art gallery,None,outscraper
Miracle Mile & Downtown Coral Gables,+1 305-569-0311,,,25.7494437,-80.2574053,33134,4.6,,Art gallery,None,outscraper
Kavachnina Gallery,+1 786-355-4394,,,25.727176999999998,-80.3156228,33155,5.0,,Art gallery,None,outscraper
Sanctuary of the Arts,+1 786-362-5132,,,25.7480834,-80.2632333,33134,4.9,,Arts organization,None,outscraper
G. Fajardo Art Gallery,+1 786-973-3696,,,25.7734128,-80.2220033,33135,5.0,,Art gallery,None,outscraper
Futurama 1637 Art Building,+1 305-972-5774,,,25.7658056,-80.2216306,33135,4.6,,Art gallery,None,outscraper
Coral Gables Art Cinema,+1 786-472-2249,,,25.7502793,-80.25987669999999,33134,4.8,,Movie theater,None,outscraper
NOBLHAUS MIAMI,+1 786-953-2027,,,25.7497345,-80.25937619999999,33134,5.0,,Art gallery,None,outscraper
